taxonId	locationID	countryCode	threatStatus
102845	ISO:SE	SE	DD
100540	ISO:SE	SE	DD
100538	ISO:SE	SE	DD
101386	ISO:SE	SE	DD
102884	ISO:SE	SE	DD
102736	ISO:SE	SE	DD
102815	ISO:SE	SE	DD
102823	ISO:SE	SE	DD
102817	ISO:SE	SE	DD
102819	ISO:SE	SE	DD
102264	ISO:SE	SE	DD
100983	ISO:SE	SE	DD
102316	ISO:SE	SE	DD
101215	ISO:SE	SE	DD
101824	ISO:SE	SE	DD
101963	ISO:SE	SE	DD
100229	ISO:SE	SE	DD
104127	ISO:SE	SE	DD
101500	ISO:SE	SE	DD
101272	ISO:SE	SE	DD
101273	ISO:SE	SE	DD
101274	ISO:SE	SE	DD
101845	ISO:SE	SE	DD
101836	ISO:SE	SE	DD
101839	ISO:SE	SE	DD
101848	ISO:SE	SE	DD
101833	ISO:SE	SE	DD
101327	ISO:SE	SE	DD
100479	ISO:SE	SE	DD
104457	ISO:SE	SE	DD
104371	ISO:SE	SE	DD
100252	ISO:SE	SE	DD
101359	ISO:SE	SE	DD
104623	ISO:SE	SE	DD
104645	ISO:SE	SE	DD
100724	ISO:SE	SE	DD
101426	ISO:SE	SE	DD
100417	ISO:SE	SE	DD
101025	ISO:SE	SE	DD
101027	ISO:SE	SE	DD
100783	ISO:SE	SE	DD
102231	ISO:SE	SE	DD
102270	ISO:SE	SE	DD
102272	ISO:SE	SE	DD
100762	ISO:SE	SE	DD
101378	ISO:SE	SE	DD
101655	ISO:SE	SE	DD
100796	ISO:SE	SE	DD
100914	ISO:SE	SE	DD
100428	ISO:SE	SE	DD
101717	ISO:SE	SE	DD
102167	ISO:SE	SE	DD
102522	ISO:SE	SE	DD
102248	ISO:SE	SE	DD
100623	ISO:SE	SE	DD
100850	ISO:SE	SE	DD
102178	ISO:SE	SE	DD
101789	ISO:SE	SE	DD
102252	ISO:SE	SE	DD
102278	ISO:SE	SE	DD
102538	ISO:SE	SE	DD
102836	ISO:SE	SE	DD
102848	ISO:SE	SE	DD
102851	ISO:SE	SE	DD
102844	ISO:SE	SE	DD
102831	ISO:SE	SE	DD
101577	ISO:SE	SE	DD
101869	ISO:SE	SE	DD
102865	ISO:SE	SE	DD
102870	ISO:SE	SE	DD
102784	ISO:SE	SE	DD
102795	ISO:SE	SE	DD
102568	ISO:SE	SE	DD
101478	ISO:SE	SE	DD
102024	ISO:SE	SE	DD
102026	ISO:SE	SE	DD
102050	ISO:SE	SE	DD
102054	ISO:SE	SE	DD
102046	ISO:SE	SE	DD
102047	ISO:SE	SE	DD
102038	ISO:SE	SE	DD
102035	ISO:SE	SE	DD
102060	ISO:SE	SE	DD
101193	ISO:SE	SE	DD
100408	ISO:SE	SE	DD
102876	ISO:SE	SE	DD
102767	ISO:SE	SE	DD
102768	ISO:SE	SE	DD
102911	ISO:SE	SE	DD
102714	ISO:SE	SE	DD
102721	ISO:SE	SE	DD
102741	ISO:SE	SE	DD
102749	ISO:SE	SE	DD
100570	ISO:SE	SE	DD
102015	ISO:SE	SE	DD
102577	ISO:SE	SE	DD
101498	ISO:SE	SE	DD
102587	ISO:SE	SE	DD
659	ISO:SE	SE	DD
4481	ISO:SE	SE	DD
101787	ISO:SE	SE	DD
100228	ISO:SE	SE	DD
102888	ISO:SE	SE	DD
541	ISO:SE	SE	DD
544	ISO:SE	SE	DD
617	ISO:SE	SE	DD
618	ISO:SE	SE	DD
665	ISO:SE	SE	DD
1260	ISO:SE	SE	DD
1270	ISO:SE	SE	DD
486	ISO:SE	SE	DD
1020	ISO:SE	SE	DD
294	ISO:SE	SE	DD
52	ISO:SE	SE	DD
55	ISO:SE	SE	DD
5114	ISO:SE	SE	DD
2229	ISO:SE	SE	DD
2599	ISO:SE	SE	DD
297	ISO:SE	SE	DD
2401	ISO:SE	SE	DD
2457	ISO:SE	SE	DD
2450	ISO:SE	SE	DD
2903	ISO:SE	SE	DD
5189	ISO:SE	SE	DD
2600	ISO:SE	SE	DD
2904	ISO:SE	SE	DD
2301	ISO:SE	SE	DD
102878	ISO:SE	SE	DD
102877	ISO:SE	SE	DD
102875	ISO:SE	SE	DD
2001	ISO:SE	SE	DD
700	ISO:SE	SE	DD
1148	ISO:SE	SE	DD
1146	ISO:SE	SE	DD
4016	ISO:SE	SE	DD
3098	ISO:SE	SE	DD
102379	ISO:SE	SE	DD
102445	ISO:SE	SE	DD
100663	ISO:SE	SE	DD
101856	ISO:SE	SE	DD
102507	ISO:SE	SE	DD
102483	ISO:SE	SE	DD
101579	ISO:SE	SE	DD
101580	ISO:SE	SE	DD
1970	ISO:SE	SE	DD
102753	ISO:SE	SE	DD
102735	ISO:SE	SE	DD
102732	ISO:SE	SE	DD
102729	ISO:SE	SE	DD
102727	ISO:SE	SE	DD
102728	ISO:SE	SE	DD
102720	ISO:SE	SE	DD
102722	ISO:SE	SE	DD
102718	ISO:SE	SE	DD
102715	ISO:SE	SE	DD
102713	ISO:SE	SE	DD
102805	ISO:SE	SE	DD
102806	ISO:SE	SE	DD
102802	ISO:SE	SE	DD
102801	ISO:SE	SE	DD
102800	ISO:SE	SE	DD
102910	ISO:SE	SE	DD
102808	ISO:SE	SE	DD
102804	ISO:SE	SE	DD
4788	ISO:SE	SE	DD
513	ISO:SE	SE	DD
102898	ISO:SE	SE	DD
102786	ISO:SE	SE	DD
102789	ISO:SE	SE	DD
102762	ISO:SE	SE	DD
102761	ISO:SE	SE	DD
102760	ISO:SE	SE	DD
102562	ISO:SE	SE	DD
102560	ISO:SE	SE	DD
102781	ISO:SE	SE	DD
102778	ISO:SE	SE	DD
102770	ISO:SE	SE	DD
102773	ISO:SE	SE	DD
102772	ISO:SE	SE	DD
102771	ISO:SE	SE	DD
482	ISO:SE	SE	DD
102846	ISO:SE	SE	DD
4010	ISO:SE	SE	DD
70	ISO:SE	SE	DD
646	ISO:SE	SE	DD
4117	ISO:SE	SE	DD
642	ISO:SE	SE	DD
2932	ISO:SE	SE	DD
2919	ISO:SE	SE	DD
101715	ISO:SE	SE	DD
47	ISO:SE	SE	DD
2996	ISO:SE	SE	DD
100239	ISO:SE	SE	DD
100240	ISO:SE	SE	DD
100241	ISO:SE	SE	DD
103195	ISO:SE	SE	DD
107	ISO:SE	SE	DD
1967	ISO:SE	SE	DD
3079	ISO:SE	SE	DD
1335	ISO:SE	SE	DD
240	ISO:SE	SE	DD
284	ISO:SE	SE	DD
3667	ISO:SE	SE	DD
3725	ISO:SE	SE	DD
102785	ISO:SE	SE	DD
765	ISO:SE	SE	DD
102028	ISO:SE	SE	DD
102030	ISO:SE	SE	DD
102039	ISO:SE	SE	DD
4500	ISO:SE	SE	DD
840	ISO:SE	SE	DD
845	ISO:SE	SE	DD
4592	ISO:SE	SE	DD
2992	ISO:SE	SE	DD
862	ISO:SE	SE	DD
5800	ISO:SE	SE	DD
101686	ISO:SE	SE	DD
100935	ISO:SE	SE	DD
5569	ISO:SE	SE	DD
102068	ISO:SE	SE	DD
102066	ISO:SE	SE	DD
102061	ISO:SE	SE	DD
101485	ISO:SE	SE	DD
101428	ISO:SE	SE	DD
5471	ISO:SE	SE	DD
5371	ISO:SE	SE	DD
2040	ISO:SE	SE	DD
1214	ISO:SE	SE	DD
1208	ISO:SE	SE	DD
2041	ISO:SE	SE	DD
1959	ISO:SE	SE	DD
4848	ISO:SE	SE	DD
965	ISO:SE	SE	DD
2061	ISO:SE	SE	DD
1544	ISO:SE	SE	DD
1543	ISO:SE	SE	DD
6081	ISO:SE	SE	DD
847	ISO:SE	SE	DD
1369	ISO:SE	SE	DD
1370	ISO:SE	SE	DD
1371	ISO:SE	SE	DD
1372	ISO:SE	SE	DD
5768	ISO:SE	SE	DD
1500	ISO:SE	SE	DD
6006	ISO:SE	SE	DD
6014	ISO:SE	SE	DD
1526	ISO:SE	SE	DD
5831	ISO:SE	SE	DD
5919	ISO:SE	SE	DD
5948	ISO:SE	SE	DD
1475	ISO:SE	SE	DD
841	ISO:SE	SE	DD
5635	ISO:SE	SE	DD
5632	ISO:SE	SE	DD
1315	ISO:SE	SE	DD
2043	ISO:SE	SE	DD
5084	ISO:SE	SE	DD
102034	ISO:SE	SE	DD
1632	ISO:SE	SE	DD
6384	ISO:SE	SE	DD
1623	ISO:SE	SE	DD
102143	ISO:SE	SE	DD
6385	ISO:SE	SE	DD
6327	ISO:SE	SE	DD
6320	ISO:SE	SE	DD
6318	ISO:SE	SE	DD
6317	ISO:SE	SE	DD
1611	ISO:SE	SE	DD
142	ISO:SE	SE	DD
739	ISO:SE	SE	DD
926	ISO:SE	SE	DD
1799	ISO:SE	SE	DD
233404	ISO:SE	SE	DD
217798	ISO:SE	SE	DD
214214	ISO:SE	SE	DD
236143	ISO:SE	SE	DD
236140	ISO:SE	SE	DD
102758	ISO:SE	SE	DD
217729	ISO:SE	SE	DD
105010	ISO:SE	SE	DD
211219	ISO:SE	SE	DD
105113	ISO:SE	SE	DD
105490	ISO:SE	SE	DD
105523	ISO:SE	SE	DD
105546	ISO:SE	SE	DD
105551	ISO:SE	SE	DD
105557	ISO:SE	SE	DD
105566	ISO:SE	SE	DD
105735	ISO:SE	SE	DD
105741	ISO:SE	SE	DD
105750	ISO:SE	SE	DD
212587	ISO:SE	SE	DD
106592	ISO:SE	SE	DD
200691	ISO:SE	SE	DD
217690	ISO:SE	SE	DD
217697	ISO:SE	SE	DD
232132	ISO:SE	SE	DD
217991	ISO:SE	SE	DD
218383	ISO:SE	SE	DD
218307	ISO:SE	SE	DD
217960	ISO:SE	SE	DD
233612	ISO:SE	SE	DD
217836	ISO:SE	SE	DD
217874	ISO:SE	SE	DD
217880	ISO:SE	SE	DD
217853	ISO:SE	SE	DD
227028	ISO:SE	SE	DD
227473	ISO:SE	SE	DD
227481	ISO:SE	SE	DD
227482	ISO:SE	SE	DD
227485	ISO:SE	SE	DD
227494	ISO:SE	SE	DD
227520	ISO:SE	SE	DD
227521	ISO:SE	SE	DD
227523	ISO:SE	SE	DD
227537	ISO:SE	SE	DD
234244	ISO:SE	SE	DD
219111	ISO:SE	SE	DD
234227	ISO:SE	SE	DD
234254	ISO:SE	SE	DD
218621	ISO:SE	SE	DD
234580	ISO:SE	SE	DD
234594	ISO:SE	SE	DD
234625	ISO:SE	SE	DD
234789	ISO:SE	SE	DD
234858	ISO:SE	SE	DD
234868	ISO:SE	SE	DD
234926	ISO:SE	SE	DD
232127	ISO:SE	SE	DD
206455	ISO:SE	SE	DD
206470	ISO:SE	SE	DD
233334	ISO:SE	SE	DD
233246	ISO:SE	SE	DD
235051	ISO:SE	SE	DD
217804	ISO:SE	SE	DD
217680	ISO:SE	SE	DD
232922	ISO:SE	SE	DD
232510	ISO:SE	SE	DD
232515	ISO:SE	SE	DD
232526	ISO:SE	SE	DD
232533	ISO:SE	SE	DD
232537	ISO:SE	SE	DD
232541	ISO:SE	SE	DD
232635	ISO:SE	SE	DD
232620	ISO:SE	SE	DD
232919	ISO:SE	SE	DD
232831	ISO:SE	SE	DD
232814	ISO:SE	SE	DD
232915	ISO:SE	SE	DD
232916	ISO:SE	SE	DD
234976	ISO:SE	SE	DD
234992	ISO:SE	SE	DD
232668	ISO:SE	SE	DD
232653	ISO:SE	SE	DD
232657	ISO:SE	SE	DD
232692	ISO:SE	SE	DD
232694	ISO:SE	SE	DD
232698	ISO:SE	SE	DD
232723	ISO:SE	SE	DD
232726	ISO:SE	SE	DD
232747	ISO:SE	SE	DD
232725	ISO:SE	SE	DD
214139	ISO:SE	SE	DD
214208	ISO:SE	SE	DD
218317	ISO:SE	SE	DD
217915	ISO:SE	SE	DD
217955	ISO:SE	SE	DD
218015	ISO:SE	SE	DD
217956	ISO:SE	SE	DD
200989	ISO:SE	SE	DD
217882	ISO:SE	SE	DD
217887	ISO:SE	SE	DD
227029	ISO:SE	SE	DD
227449	ISO:SE	SE	DD
227503	ISO:SE	SE	DD
227543	ISO:SE	SE	DD
227547	ISO:SE	SE	DD
218118	ISO:SE	SE	DD
218070	ISO:SE	SE	DD
218378	ISO:SE	SE	DD
218342	ISO:SE	SE	DD
218270	ISO:SE	SE	DD
218239	ISO:SE	SE	DD
234221	ISO:SE	SE	DD
234228	ISO:SE	SE	DD
234238	ISO:SE	SE	DD
234239	ISO:SE	SE	DD
234249	ISO:SE	SE	DD
234260	ISO:SE	SE	DD
234214	ISO:SE	SE	DD
234215	ISO:SE	SE	DD
200846	ISO:SE	SE	DD
200864	ISO:SE	SE	DD
232505	ISO:SE	SE	DD
232583	ISO:SE	SE	DD
232616	ISO:SE	SE	DD
232584	ISO:SE	SE	DD
224577	ISO:SE	SE	DD
230668	ISO:SE	SE	DD
232647	ISO:SE	SE	DD
232648	ISO:SE	SE	DD
230592	ISO:SE	SE	DD
214906	ISO:SE	SE	DD
215171	ISO:SE	SE	DD
214741	ISO:SE	SE	DD
214516	ISO:SE	SE	DD
213971	ISO:SE	SE	DD
232791	ISO:SE	SE	DD
232780	ISO:SE	SE	DD
213939	ISO:SE	SE	DD
215000	ISO:SE	SE	DD
230886	ISO:SE	SE	DD
232733	ISO:SE	SE	DD
214510	ISO:SE	SE	DD
235055	ISO:SE	SE	DD
206160	ISO:SE	SE	DD
232930	ISO:SE	SE	DD
228748	ISO:SE	SE	DD
228471	ISO:SE	SE	DD
228476	ISO:SE	SE	DD
228674	ISO:SE	SE	DD
229183	ISO:SE	SE	DD
229197	ISO:SE	SE	DD
229431	ISO:SE	SE	DD
229559	ISO:SE	SE	DD
229609	ISO:SE	SE	DD
250118	ISO:SE	SE	DD
244714	ISO:SE	SE	DD
244694	ISO:SE	SE	DD
236239	ISO:SE	SE	DD
250161	ISO:SE	SE	DD
250265	ISO:SE	SE	DD
261299	ISO:SE	SE	DD
261452	ISO:SE	SE	DD
263753	ISO:SE	SE	DD
249022	ISO:SE	SE	DD
249020	ISO:SE	SE	DD
239479	ISO:SE	SE	DD
249808	ISO:SE	SE	DD
240216	ISO:SE	SE	DD
240295	ISO:SE	SE	DD
241794	ISO:SE	SE	DD
240417	ISO:SE	SE	DD
240473	ISO:SE	SE	DD
240479	ISO:SE	SE	DD
244018	ISO:SE	SE	DD
248571	ISO:SE	SE	DD
243785	ISO:SE	SE	DD
243623	ISO:SE	SE	DD
243725	ISO:SE	SE	DD
247673	ISO:SE	SE	DD
247688	ISO:SE	SE	DD
6002928	ISO:SE	SE	DD
245139	ISO:SE	SE	DD
239038	ISO:SE	SE	DD
249126	ISO:SE	SE	DD
236357	ISO:SE	SE	DD
263588	ISO:SE	SE	DD
236715	ISO:SE	SE	DD
248951	ISO:SE	SE	DD
248954	ISO:SE	SE	DD
248957	ISO:SE	SE	DD
6002935	ISO:SE	SE	DD
251460	ISO:SE	SE	DD
251461	ISO:SE	SE	DD
251454	ISO:SE	SE	DD
251447	ISO:SE	SE	DD
251431	ISO:SE	SE	DD
239178	ISO:SE	SE	DD
248944	ISO:SE	SE	DD
249242	ISO:SE	SE	DD
236444	ISO:SE	SE	DD
239075	ISO:SE	SE	DD
239122	ISO:SE	SE	DD
248741	ISO:SE	SE	DD
250049	ISO:SE	SE	DD
250139	ISO:SE	SE	DD
249226	ISO:SE	SE	DD
249178	ISO:SE	SE	DD
248930	ISO:SE	SE	DD
250112	ISO:SE	SE	DD
249536	ISO:SE	SE	DD
247663	ISO:SE	SE	DD
247664	ISO:SE	SE	DD
247671	ISO:SE	SE	DD
247672	ISO:SE	SE	DD
243728	ISO:SE	SE	DD
252388	ISO:SE	SE	DD
249249	ISO:SE	SE	DD
239219	ISO:SE	SE	DD
236482	ISO:SE	SE	DD
250123	ISO:SE	SE	DD
264390	ISO:SE	SE	DD
243657	ISO:SE	SE	DD
241803	ISO:SE	SE	DD
241821	ISO:SE	SE	DD
252385	ISO:SE	SE	DD
264299	ISO:SE	SE	DD
249190	ISO:SE	SE	DD
250433	ISO:SE	SE	DD
249886	ISO:SE	SE	DD
240004	ISO:SE	SE	DD
240237	ISO:SE	SE	DD
240161	ISO:SE	SE	DD
263715	ISO:SE	SE	DD
251415	ISO:SE	SE	DD
263718	ISO:SE	SE	DD
263706	ISO:SE	SE	DD
264438	ISO:SE	SE	DD
263679	ISO:SE	SE	DD
263680	ISO:SE	SE	DD
6002972	ISO:SE	SE	DD
253792	ISO:SE	SE	DD
239064	ISO:SE	SE	DD
253780	ISO:SE	SE	DD
239730	ISO:SE	SE	DD
253825	ISO:SE	SE	DD
6003645	ISO:SE	SE	DD
249917	ISO:SE	SE	DD
249939	ISO:SE	SE	DD
6000248	ISO:SE	SE	DD
6003412	ISO:SE	SE	DD
264147	ISO:SE	SE	DD
250052	ISO:SE	SE	DD
6005232	ISO:SE	SE	DD
249180	ISO:SE	SE	DD
489	ISO:SE	SE	EX
1127	ISO:SE	SE	EX
101634	ISO:SE	SE	EX
100712	ISO:SE	SE	EX
100047	ISO:SE	SE	EX
100039	ISO:SE	SE	EX
100027	ISO:SE	SE	EX
100095	ISO:SE	SE	EX
100032	ISO:SE	SE	EX
101810	ISO:SE	SE	EX
100209	ISO:SE	SE	EX
100292	ISO:SE	SE	EX
101718	ISO:SE	SE	EX
100180	ISO:SE	SE	EX
101889	ISO:SE	SE	EX
100778	ISO:SE	SE	EX
101546	ISO:SE	SE	EX
102150	ISO:SE	SE	EX
101395	ISO:SE	SE	EX
100163	ISO:SE	SE	EX
102151	ISO:SE	SE	EX
101771	ISO:SE	SE	EX
101879	ISO:SE	SE	EX
101023	ISO:SE	SE	EX
101075	ISO:SE	SE	EX
100338	ISO:SE	SE	EX
102173	ISO:SE	SE	EX
101065	ISO:SE	SE	EX
101604	ISO:SE	SE	EX
100520	ISO:SE	SE	EX
101452	ISO:SE	SE	EX
101460	ISO:SE	SE	EX
101947	ISO:SE	SE	EX
100992	ISO:SE	SE	EX
100518	ISO:SE	SE	EX
100820	ISO:SE	SE	EX
100922	ISO:SE	SE	EX
101161	ISO:SE	SE	EX
100262	ISO:SE	SE	EX
100263	ISO:SE	SE	EX
100814	ISO:SE	SE	EX
100797	ISO:SE	SE	EX
101345	ISO:SE	SE	EX
100791	ISO:SE	SE	EX
100403	ISO:SE	SE	EX
101998	ISO:SE	SE	EX
101569	ISO:SE	SE	EX
101304	ISO:SE	SE	EX
100842	ISO:SE	SE	EX
101996	ISO:SE	SE	EX
100166	ISO:SE	SE	EX
101399	ISO:SE	SE	EX
101721	ISO:SE	SE	EX
101713	ISO:SE	SE	EX
101793	ISO:SE	SE	EX
101658	ISO:SE	SE	EX
100450	ISO:SE	SE	EX
100443	ISO:SE	SE	EX
101115	ISO:SE	SE	EX
100705	ISO:SE	SE	EX
101592	ISO:SE	SE	EX
100344	ISO:SE	SE	EX
102542	ISO:SE	SE	EX
102537	ISO:SE	SE	EX
100646	ISO:SE	SE	EX
102081	ISO:SE	SE	EX
102079	ISO:SE	SE	EX
101703	ISO:SE	SE	EX
101637	ISO:SE	SE	EX
101706	ISO:SE	SE	EX
102854	ISO:SE	SE	EX
102452	ISO:SE	SE	EX
100289	ISO:SE	SE	EX
100626	ISO:SE	SE	EX
100836	ISO:SE	SE	EX
100245	ISO:SE	SE	EX
101102	ISO:SE	SE	EX
100801	ISO:SE	SE	EX
654	ISO:SE	SE	EX
560	ISO:SE	SE	EX
537	ISO:SE	SE	EX
1292	ISO:SE	SE	EX
545	ISO:SE	SE	EX
1252	ISO:SE	SE	EX
1340	ISO:SE	SE	EX
203	ISO:SE	SE	EX
1137	ISO:SE	SE	EX
1327	ISO:SE	SE	EX
183	ISO:SE	SE	EX
891	ISO:SE	SE	EX
1149	ISO:SE	SE	EX
661	ISO:SE	SE	EX
100689	ISO:SE	SE	EX
102402	ISO:SE	SE	EX
100729	ISO:SE	SE	EX
101418	ISO:SE	SE	EX
101212	ISO:SE	SE	EX
100765	ISO:SE	SE	EX
100882	ISO:SE	SE	EX
1091	ISO:SE	SE	EX
323	ISO:SE	SE	EX
102363	ISO:SE	SE	EX
100672	ISO:SE	SE	EX
100956	ISO:SE	SE	EX
100674	ISO:SE	SE	EX
102502	ISO:SE	SE	EX
101222	ISO:SE	SE	EX
101167	ISO:SE	SE	EX
102475	ISO:SE	SE	EX
102456	ISO:SE	SE	EX
101619	ISO:SE	SE	EX
101983	ISO:SE	SE	EX
100923	ISO:SE	SE	EX
102510	ISO:SE	SE	EX
102434	ISO:SE	SE	EX
102509	ISO:SE	SE	EX
101568	ISO:SE	SE	EX
101777	ISO:SE	SE	EX
102654	ISO:SE	SE	EX
6418	ISO:SE	SE	EX
1960	ISO:SE	SE	EX
101639	ISO:SE	SE	EX
103263	ISO:SE	SE	EX
512	ISO:SE	SE	EX
585	ISO:SE	SE	EX
1952	ISO:SE	SE	EX
101441	ISO:SE	SE	EX
101124	ISO:SE	SE	EX
101125	ISO:SE	SE	EX
101955	ISO:SE	SE	EX
100121	ISO:SE	SE	EX
100120	ISO:SE	SE	EX
101033	ISO:SE	SE	EX
100283	ISO:SE	SE	EX
102663	ISO:SE	SE	EX
102674	ISO:SE	SE	EX
100800	ISO:SE	SE	EX
102700	ISO:SE	SE	EX
103264	ISO:SE	SE	EX
102683	ISO:SE	SE	EX
101405	ISO:SE	SE	EX
101286	ISO:SE	SE	EX
102903	ISO:SE	SE	EX
100911	ISO:SE	SE	EX
100973	ISO:SE	SE	EX
1155	ISO:SE	SE	EX
1518	ISO:SE	SE	EX
100060	ISO:SE	SE	EX
100143	ISO:SE	SE	EX
100059	ISO:SE	SE	EX
100002	ISO:SE	SE	EX
1404	ISO:SE	SE	EX
102132	ISO:SE	SE	EX
622	ISO:SE	SE	EX
638	ISO:SE	SE	EX
1018	ISO:SE	SE	EX
1047	ISO:SE	SE	EX
1274	ISO:SE	SE	EX
1341	ISO:SE	SE	EX
1532	ISO:SE	SE	EX
1535	ISO:SE	SE	EX
1631	ISO:SE	SE	EX
1636	ISO:SE	SE	EX
28	ISO:SE	SE	EX
106	ISO:SE	SE	EX
123	ISO:SE	SE	EX
141	ISO:SE	SE	EX
351	ISO:SE	SE	EX
628	ISO:SE	SE	EX
631	ISO:SE	SE	EX
647	ISO:SE	SE	EX
732	ISO:SE	SE	EX
1344	ISO:SE	SE	EX
1399	ISO:SE	SE	EX
1579	ISO:SE	SE	EX
100905	ISO:SE	SE	EX
1329	ISO:SE	SE	EX
1507	ISO:SE	SE	EX
672	ISO:SE	SE	EX
1297	ISO:SE	SE	EX
244	ISO:SE	SE	EX
242	ISO:SE	SE	EX
1401	ISO:SE	SE	EX
1511	ISO:SE	SE	EX
338	ISO:SE	SE	EX
989	ISO:SE	SE	EX
988	ISO:SE	SE	EX
267	ISO:SE	SE	EX
92	ISO:SE	SE	EX
102757	ISO:SE	SE	EX
105030	ISO:SE	SE	EX
217712	ISO:SE	SE	EX
217838	ISO:SE	SE	EX
232920	ISO:SE	SE	EX
228895	ISO:SE	SE	EX
229243	ISO:SE	SE	EX
232248	ISO:SE	SE	EX
232261	ISO:SE	SE	EX
220670	ISO:SE	SE	EX
249048	ISO:SE	SE	EX
250141	ISO:SE	SE	EX
249116	ISO:SE	SE	EX
236252	ISO:SE	SE	EX
250290	ISO:SE	SE	EX
243673	ISO:SE	SE	EX
243717	ISO:SE	SE	EX
244007	ISO:SE	SE	EX
240510	ISO:SE	SE	EX
264143	ISO:SE	SE	EX
100533	ISO:SE	SE	CR
1128	ISO:SE	SE	CR
101223	ISO:SE	SE	CR
101300	ISO:SE	SE	CR
293	ISO:SE	SE	CR
777	ISO:SE	SE	CR
1136	ISO:SE	SE	CR
100085	ISO:SE	SE	CR
100571	ISO:SE	SE	CR
100046	ISO:SE	SE	CR
100093	ISO:SE	SE	CR
100023	ISO:SE	SE	CR
100008	ISO:SE	SE	CR
100031	ISO:SE	SE	CR
100407	ISO:SE	SE	CR
100211	ISO:SE	SE	CR
101045	ISO:SE	SE	CR
101122	ISO:SE	SE	CR
100330	ISO:SE	SE	CR
101162	ISO:SE	SE	CR
101700	ISO:SE	SE	CR
100543	ISO:SE	SE	CR
100866	ISO:SE	SE	CR
101888	ISO:SE	SE	CR
101257	ISO:SE	SE	CR
100891	ISO:SE	SE	CR
100588	ISO:SE	SE	CR
100787	ISO:SE	SE	CR
100394	ISO:SE	SE	CR
100706	ISO:SE	SE	CR
101612	ISO:SE	SE	CR
101720	ISO:SE	SE	CR
100380	ISO:SE	SE	CR
100181	ISO:SE	SE	CR
1138	ISO:SE	SE	CR
101858	ISO:SE	SE	CR
102759	ISO:SE	SE	CR
100244	ISO:SE	SE	CR
543	ISO:SE	SE	CR
650	ISO:SE	SE	CR
1234	ISO:SE	SE	CR
119	ISO:SE	SE	CR
485	ISO:SE	SE	CR
102642	ISO:SE	SE	CR
102437	ISO:SE	SE	CR
101761	ISO:SE	SE	CR
100690	ISO:SE	SE	CR
100692	ISO:SE	SE	CR
100277	ISO:SE	SE	CR
100793	ISO:SE	SE	CR
1441	ISO:SE	SE	CR
100764	ISO:SE	SE	CR
100870	ISO:SE	SE	CR
327	ISO:SE	SE	CR
100327	ISO:SE	SE	CR
102447	ISO:SE	SE	CR
101798	ISO:SE	SE	CR
101874	ISO:SE	SE	CR
102398	ISO:SE	SE	CR
102368	ISO:SE	SE	CR
102474	ISO:SE	SE	CR
100933	ISO:SE	SE	CR
101830	ISO:SE	SE	CR
102420	ISO:SE	SE	CR
100958	ISO:SE	SE	CR
101653	ISO:SE	SE	CR
101749	ISO:SE	SE	CR
101970	ISO:SE	SE	CR
100810	ISO:SE	SE	CR
101855	ISO:SE	SE	CR
101927	ISO:SE	SE	CR
100908	ISO:SE	SE	CR
101562	ISO:SE	SE	CR
102422	ISO:SE	SE	CR
100795	ISO:SE	SE	CR
6	ISO:SE	SE	CR
5	ISO:SE	SE	CR
100076	ISO:SE	SE	CR
101056	ISO:SE	SE	CR
680	ISO:SE	SE	CR
100142	ISO:SE	SE	CR
101279	ISO:SE	SE	CR
103190	ISO:SE	SE	CR
103163	ISO:SE	SE	CR
101806	ISO:SE	SE	CR
101299	ISO:SE	SE	CR
1965	ISO:SE	SE	CR
1975	ISO:SE	SE	CR
769	ISO:SE	SE	CR
1578	ISO:SE	SE	CR
1750	ISO:SE	SE	CR
121	ISO:SE	SE	CR
57	ISO:SE	SE	CR
1176	ISO:SE	SE	CR
1948	ISO:SE	SE	CR
1546	ISO:SE	SE	CR
1949	ISO:SE	SE	CR
1950	ISO:SE	SE	CR
102689	ISO:SE	SE	CR
102684	ISO:SE	SE	CR
102681	ISO:SE	SE	CR
100536	ISO:SE	SE	CR
497	ISO:SE	SE	CR
100969	ISO:SE	SE	CR
1345	ISO:SE	SE	CR
1338	ISO:SE	SE	CR
187	ISO:SE	SE	CR
225	ISO:SE	SE	CR
1076	ISO:SE	SE	CR
14	ISO:SE	SE	CR
1377	ISO:SE	SE	CR
1924	ISO:SE	SE	CR
102129	ISO:SE	SE	CR
102130	ISO:SE	SE	CR
1793	ISO:SE	SE	CR
983	ISO:SE	SE	CR
984	ISO:SE	SE	CR
1258	ISO:SE	SE	CR
1522	ISO:SE	SE	CR
1673	ISO:SE	SE	CR
1767	ISO:SE	SE	CR
95	ISO:SE	SE	CR
1769	ISO:SE	SE	CR
125	ISO:SE	SE	CR
1784	ISO:SE	SE	CR
1786	ISO:SE	SE	CR
216	ISO:SE	SE	CR
1789	ISO:SE	SE	CR
227	ISO:SE	SE	CR
305	ISO:SE	SE	CR
503	ISO:SE	SE	CR
1802	ISO:SE	SE	CR
838	ISO:SE	SE	CR
1115	ISO:SE	SE	CR
1419	ISO:SE	SE	CR
1809	ISO:SE	SE	CR
1813	ISO:SE	SE	CR
1770	ISO:SE	SE	CR
1154	ISO:SE	SE	CR
1171	ISO:SE	SE	CR
1183	ISO:SE	SE	CR
1194	ISO:SE	SE	CR
1273	ISO:SE	SE	CR
1275	ISO:SE	SE	CR
1826	ISO:SE	SE	CR
1390	ISO:SE	SE	CR
1830	ISO:SE	SE	CR
1531	ISO:SE	SE	CR
1534	ISO:SE	SE	CR
1536	ISO:SE	SE	CR
1832	ISO:SE	SE	CR
1568	ISO:SE	SE	CR
1569	ISO:SE	SE	CR
1834	ISO:SE	SE	CR
1641	ISO:SE	SE	CR
1039	ISO:SE	SE	CR
1724	ISO:SE	SE	CR
1723	ISO:SE	SE	CR
1537	ISO:SE	SE	CR
916	ISO:SE	SE	CR
1487	ISO:SE	SE	CR
1863	ISO:SE	SE	CR
1373	ISO:SE	SE	CR
691	ISO:SE	SE	CR
1269	ISO:SE	SE	CR
1492	ISO:SE	SE	CR
78	ISO:SE	SE	CR
32	ISO:SE	SE	CR
621	ISO:SE	SE	CR
81	ISO:SE	SE	CR
1059	ISO:SE	SE	CR
892	ISO:SE	SE	CR
1529	ISO:SE	SE	CR
304	ISO:SE	SE	CR
1417	ISO:SE	SE	CR
1397	ISO:SE	SE	CR
1912	ISO:SE	SE	CR
205994	ISO:SE	SE	CR
1035	ISO:SE	SE	CR
1394	ISO:SE	SE	CR
1661	ISO:SE	SE	CR
872	ISO:SE	SE	CR
1563	ISO:SE	SE	CR
1870	ISO:SE	SE	CR
904	ISO:SE	SE	CR
754	ISO:SE	SE	CR
1725	ISO:SE	SE	CR
694	ISO:SE	SE	CR
17	ISO:SE	SE	CR
1473	ISO:SE	SE	CR
217878	ISO:SE	SE	CR
217879	ISO:SE	SE	CR
209141	ISO:SE	SE	CR
232131	ISO:SE	SE	CR
217890	ISO:SE	SE	CR
234367	ISO:SE	SE	CR
223246	ISO:SE	SE	CR
217881	ISO:SE	SE	CR
232266	ISO:SE	SE	CR
232267	ISO:SE	SE	CR
220207	ISO:SE	SE	CR
221816	ISO:SE	SE	CR
106768	ISO:SE	SE	CR
230614	ISO:SE	SE	CR
230851	ISO:SE	SE	CR
230665	ISO:SE	SE	CR
230607	ISO:SE	SE	CR
230638	ISO:SE	SE	CR
230868	ISO:SE	SE	CR
230640	ISO:SE	SE	CR
223248	ISO:SE	SE	CR
231477	ISO:SE	SE	CR
206266	ISO:SE	SE	CR
206063	ISO:SE	SE	CR
206181	ISO:SE	SE	CR
206146	ISO:SE	SE	CR
235139	ISO:SE	SE	CR
223133	ISO:SE	SE	CR
228401	ISO:SE	SE	CR
232137	ISO:SE	SE	CR
229192	ISO:SE	SE	CR
232147	ISO:SE	SE	CR
229458	ISO:SE	SE	CR
229815	ISO:SE	SE	CR
229935	ISO:SE	SE	CR
229946	ISO:SE	SE	CR
229967	ISO:SE	SE	CR
229543	ISO:SE	SE	CR
232135	ISO:SE	SE	CR
231507	ISO:SE	SE	CR
231590	ISO:SE	SE	CR
231632	ISO:SE	SE	CR
231732	ISO:SE	SE	CR
231770	ISO:SE	SE	CR
231786	ISO:SE	SE	CR
231807	ISO:SE	SE	CR
231814	ISO:SE	SE	CR
231859	ISO:SE	SE	CR
231881	ISO:SE	SE	CR
231904	ISO:SE	SE	CR
231969	ISO:SE	SE	CR
231995	ISO:SE	SE	CR
231999	ISO:SE	SE	CR
232023	ISO:SE	SE	CR
232067	ISO:SE	SE	CR
231454	ISO:SE	SE	CR
231789	ISO:SE	SE	CR
231874	ISO:SE	SE	CR
231910	ISO:SE	SE	CR
249109	ISO:SE	SE	CR
259206	ISO:SE	SE	CR
262167	ISO:SE	SE	CR
244091	ISO:SE	SE	CR
266268	ISO:SE	SE	CR
249993	ISO:SE	SE	CR
251316	ISO:SE	SE	CR
6005233	ISO:SE	SE	CR
386	ISO:SE	SE	CR
249140	ISO:SE	SE	CR
102533	ISO:SE	SE	EN
100534	ISO:SE	SE	EN
100666	ISO:SE	SE	EN
102581	ISO:SE	SE	EN
1125	ISO:SE	SE	EN
101379	ISO:SE	SE	EN
1129	ISO:SE	SE	EN
102585	ISO:SE	SE	EN
100718	ISO:SE	SE	EN
116	ISO:SE	SE	EN
101510	ISO:SE	SE	EN
1455	ISO:SE	SE	EN
527	ISO:SE	SE	EN
83	ISO:SE	SE	EN
1077	ISO:SE	SE	EN
1001	ISO:SE	SE	EN
1248	ISO:SE	SE	EN
168	ISO:SE	SE	EN
755	ISO:SE	SE	EN
540	ISO:SE	SE	EN
100005	ISO:SE	SE	EN
100086	ISO:SE	SE	EN
101248	ISO:SE	SE	EN
100943	ISO:SE	SE	EN
101981	ISO:SE	SE	EN
101558	ISO:SE	SE	EN
100499	ISO:SE	SE	EN
101692	ISO:SE	SE	EN
100763	ISO:SE	SE	EN
100199	ISO:SE	SE	EN
101268	ISO:SE	SE	EN
101951	ISO:SE	SE	EN
100010	ISO:SE	SE	EN
100035	ISO:SE	SE	EN
103060	ISO:SE	SE	EN
102631	ISO:SE	SE	EN
100872	ISO:SE	SE	EN
100875	ISO:SE	SE	EN
100465	ISO:SE	SE	EN
101671	ISO:SE	SE	EN
101047	ISO:SE	SE	EN
101050	ISO:SE	SE	EN
101183	ISO:SE	SE	EN
102223	ISO:SE	SE	EN
101084	ISO:SE	SE	EN
100150	ISO:SE	SE	EN
102328	ISO:SE	SE	EN
101730	ISO:SE	SE	EN
100441	ISO:SE	SE	EN
101734	ISO:SE	SE	EN
100334	ISO:SE	SE	EN
100336	ISO:SE	SE	EN
100337	ISO:SE	SE	EN
102175	ISO:SE	SE	EN
101064	ISO:SE	SE	EN
101262	ISO:SE	SE	EN
101080	ISO:SE	SE	EN
101003	ISO:SE	SE	EN
100184	ISO:SE	SE	EN
100575	ISO:SE	SE	EN
100220	ISO:SE	SE	EN
100606	ISO:SE	SE	EN
100809	ISO:SE	SE	EN
100265	ISO:SE	SE	EN
102165	ISO:SE	SE	EN
101140	ISO:SE	SE	EN
100830	ISO:SE	SE	EN
101408	ISO:SE	SE	EN
100500	ISO:SE	SE	EN
101990	ISO:SE	SE	EN
100854	ISO:SE	SE	EN
102349	ISO:SE	SE	EN
100885	ISO:SE	SE	EN
100501	ISO:SE	SE	EN
100481	ISO:SE	SE	EN
100701	ISO:SE	SE	EN
100702	ISO:SE	SE	EN
101872	ISO:SE	SE	EN
101635	ISO:SE	SE	EN
101144	ISO:SE	SE	EN
101302	ISO:SE	SE	EN
100484	ISO:SE	SE	EN
100485	ISO:SE	SE	EN
101450	ISO:SE	SE	EN
101281	ISO:SE	SE	EN
101282	ISO:SE	SE	EN
100901	ISO:SE	SE	EN
101429	ISO:SE	SE	EN
100397	ISO:SE	SE	EN
102186	ISO:SE	SE	EN
100164	ISO:SE	SE	EN
101200	ISO:SE	SE	EN
101198	ISO:SE	SE	EN
101582	ISO:SE	SE	EN
101310	ISO:SE	SE	EN
101341	ISO:SE	SE	EN
101239	ISO:SE	SE	EN
101662	ISO:SE	SE	EN
101575	ISO:SE	SE	EN
102544	ISO:SE	SE	EN
100601	ISO:SE	SE	EN
100720	ISO:SE	SE	EN
101646	ISO:SE	SE	EN
100669	ISO:SE	SE	EN
102541	ISO:SE	SE	EN
102540	ISO:SE	SE	EN
102534	ISO:SE	SE	EN
102089	ISO:SE	SE	EN
101999	ISO:SE	SE	EN
101797	ISO:SE	SE	EN
102080	ISO:SE	SE	EN
102077	ISO:SE	SE	EN
100643	ISO:SE	SE	EN
102824	ISO:SE	SE	EN
102563	ISO:SE	SE	EN
100432	ISO:SE	SE	EN
1310	ISO:SE	SE	EN
101689	ISO:SE	SE	EN
101120	ISO:SE	SE	EN
100776	ISO:SE	SE	EN
102551	ISO:SE	SE	EN
102857	ISO:SE	SE	EN
102862	ISO:SE	SE	EN
102868	ISO:SE	SE	EN
100903	ISO:SE	SE	EN
100769	ISO:SE	SE	EN
100909	ISO:SE	SE	EN
100707	ISO:SE	SE	EN
100566	ISO:SE	SE	EN
100384	ISO:SE	SE	EN
100385	ISO:SE	SE	EN
100386	ISO:SE	SE	EN
100387	ISO:SE	SE	EN
100834	ISO:SE	SE	EN
101529	ISO:SE	SE	EN
101975	ISO:SE	SE	EN
102058	ISO:SE	SE	EN
102002	ISO:SE	SE	EN
100678	ISO:SE	SE	EN
101192	ISO:SE	SE	EN
100625	ISO:SE	SE	EN
100789	ISO:SE	SE	EN
101699	ISO:SE	SE	EN
101128	ISO:SE	SE	EN
100226	ISO:SE	SE	EN
523	ISO:SE	SE	EN
525	ISO:SE	SE	EN
101245	ISO:SE	SE	EN
100177	ISO:SE	SE	EN
101928	ISO:SE	SE	EN
101036	ISO:SE	SE	EN
101472	ISO:SE	SE	EN
195	ISO:SE	SE	EN
1251	ISO:SE	SE	EN
494	ISO:SE	SE	EN
248	ISO:SE	SE	EN
33	ISO:SE	SE	EN
34	ISO:SE	SE	EN
1572	ISO:SE	SE	EN
542	ISO:SE	SE	EN
546	ISO:SE	SE	EN
746	ISO:SE	SE	EN
1052	ISO:SE	SE	EN
1602	ISO:SE	SE	EN
1058	ISO:SE	SE	EN
1133	ISO:SE	SE	EN
1480	ISO:SE	SE	EN
1481	ISO:SE	SE	EN
1483	ISO:SE	SE	EN
1607	ISO:SE	SE	EN
729	ISO:SE	SE	EN
582	ISO:SE	SE	EN
1548	ISO:SE	SE	EN
1551	ISO:SE	SE	EN
781	ISO:SE	SE	EN
1378	ISO:SE	SE	EN
633	ISO:SE	SE	EN
1452	ISO:SE	SE	EN
1845	ISO:SE	SE	EN
1838	ISO:SE	SE	EN
1272	ISO:SE	SE	EN
663	ISO:SE	SE	EN
995	ISO:SE	SE	EN
1606	ISO:SE	SE	EN
80	ISO:SE	SE	EN
1385	ISO:SE	SE	EN
1387	ISO:SE	SE	EN
101259	ISO:SE	SE	EN
101598	ISO:SE	SE	EN
101741	ISO:SE	SE	EN
102397	ISO:SE	SE	EN
100325	ISO:SE	SE	EN
102429	ISO:SE	SE	EN
100636	ISO:SE	SE	EN
102450	ISO:SE	SE	EN
101759	ISO:SE	SE	EN
100433	ISO:SE	SE	EN
100681	ISO:SE	SE	EN
100682	ISO:SE	SE	EN
100683	ISO:SE	SE	EN
100685	ISO:SE	SE	EN
100687	ISO:SE	SE	EN
102399	ISO:SE	SE	EN
100888	ISO:SE	SE	EN
100806	ISO:SE	SE	EN
101314	ISO:SE	SE	EN
3841	ISO:SE	SE	EN
5735	ISO:SE	SE	EN
1356	ISO:SE	SE	EN
684	ISO:SE	SE	EN
1280	ISO:SE	SE	EN
974	ISO:SE	SE	EN
102425	ISO:SE	SE	EN
1354	ISO:SE	SE	EN
100926	ISO:SE	SE	EN
102924	ISO:SE	SE	EN
1978	ISO:SE	SE	EN
101301	ISO:SE	SE	EN
101205	ISO:SE	SE	EN
1090	ISO:SE	SE	EN
1087	ISO:SE	SE	EN
913	ISO:SE	SE	EN
101556	ISO:SE	SE	EN
102404	ISO:SE	SE	EN
102407	ISO:SE	SE	EN
102007	ISO:SE	SE	EN
102490	ISO:SE	SE	EN
101636	ISO:SE	SE	EN
101342	ISO:SE	SE	EN
101344	ISO:SE	SE	EN
101336	ISO:SE	SE	EN
100614	ISO:SE	SE	EN
102460	ISO:SE	SE	EN
102383	ISO:SE	SE	EN
100550	ISO:SE	SE	EN
100553	ISO:SE	SE	EN
101873	ISO:SE	SE	EN
102386	ISO:SE	SE	EN
101918	ISO:SE	SE	EN
100671	ISO:SE	SE	EN
100826	ISO:SE	SE	EN
102492	ISO:SE	SE	EN
101360	ISO:SE	SE	EN
101496	ISO:SE	SE	EN
101249	ISO:SE	SE	EN
100978	ISO:SE	SE	EN
100876	ISO:SE	SE	EN
101061	ISO:SE	SE	EN
101750	ISO:SE	SE	EN
101754	ISO:SE	SE	EN
101081	ISO:SE	SE	EN
101082	ISO:SE	SE	EN
100453	ISO:SE	SE	EN
100612	ISO:SE	SE	EN
101409	ISO:SE	SE	EN
101985	ISO:SE	SE	EN
102438	ISO:SE	SE	EN
100206	ISO:SE	SE	EN
100208	ISO:SE	SE	EN
102371	ISO:SE	SE	EN
101078	ISO:SE	SE	EN
102370	ISO:SE	SE	EN
102467	ISO:SE	SE	EN
102469	ISO:SE	SE	EN
101921	ISO:SE	SE	EN
1987	ISO:SE	SE	EN
1989	ISO:SE	SE	EN
1990	ISO:SE	SE	EN
1991	ISO:SE	SE	EN
1993	ISO:SE	SE	EN
1994	ISO:SE	SE	EN
1995	ISO:SE	SE	EN
461	ISO:SE	SE	EN
320	ISO:SE	SE	EN
102717	ISO:SE	SE	EN
102803	ISO:SE	SE	EN
102794	ISO:SE	SE	EN
340	ISO:SE	SE	EN
1026	ISO:SE	SE	EN
19	ISO:SE	SE	EN
161	ISO:SE	SE	EN
531	ISO:SE	SE	EN
101819	ISO:SE	SE	EN
101656	ISO:SE	SE	EN
362	ISO:SE	SE	EN
573	ISO:SE	SE	EN
570	ISO:SE	SE	EN
102792	ISO:SE	SE	EN
557	ISO:SE	SE	EN
677	ISO:SE	SE	EN
675	ISO:SE	SE	EN
676	ISO:SE	SE	EN
101523	ISO:SE	SE	EN
601	ISO:SE	SE	EN
609	ISO:SE	SE	EN
649	ISO:SE	SE	EN
100574	ISO:SE	SE	EN
100115	ISO:SE	SE	EN
100107	ISO:SE	SE	EN
100123	ISO:SE	SE	EN
476	ISO:SE	SE	EN
101137	ISO:SE	SE	EN
657	ISO:SE	SE	EN
2006	ISO:SE	SE	EN
681	ISO:SE	SE	EN
682	ISO:SE	SE	EN
687	ISO:SE	SE	EN
101420	ISO:SE	SE	EN
100125	ISO:SE	SE	EN
100081	ISO:SE	SE	EN
71	ISO:SE	SE	EN
46	ISO:SE	SE	EN
58	ISO:SE	SE	EN
72	ISO:SE	SE	EN
439	ISO:SE	SE	EN
102672	ISO:SE	SE	EN
102686	ISO:SE	SE	EN
102692	ISO:SE	SE	EN
102695	ISO:SE	SE	EN
103227	ISO:SE	SE	EN
101401	ISO:SE	SE	EN
156	ISO:SE	SE	EN
160	ISO:SE	SE	EN
3562	ISO:SE	SE	EN
3595	ISO:SE	SE	EN
100051	ISO:SE	SE	EN
789	ISO:SE	SE	EN
4181	ISO:SE	SE	EN
101213	ISO:SE	SE	EN
101632	ISO:SE	SE	EN
417	ISO:SE	SE	EN
702	ISO:SE	SE	EN
705	ISO:SE	SE	EN
2011	ISO:SE	SE	EN
556	ISO:SE	SE	EN
1947	ISO:SE	SE	EN
1753	ISO:SE	SE	EN
1754	ISO:SE	SE	EN
1953	ISO:SE	SE	EN
101190	ISO:SE	SE	EN
794	ISO:SE	SE	EN
817	ISO:SE	SE	EN
820	ISO:SE	SE	EN
823	ISO:SE	SE	EN
829	ISO:SE	SE	EN
854	ISO:SE	SE	EN
2021	ISO:SE	SE	EN
103124	ISO:SE	SE	EN
102665	ISO:SE	SE	EN
102667	ISO:SE	SE	EN
103125	ISO:SE	SE	EN
59	ISO:SE	SE	EN
100670	ISO:SE	SE	EN
1530	ISO:SE	SE	EN
928	ISO:SE	SE	EN
1244	ISO:SE	SE	EN
2039	ISO:SE	SE	EN
1734	ISO:SE	SE	EN
103132	ISO:SE	SE	EN
100868	ISO:SE	SE	EN
102680	ISO:SE	SE	EN
1633	ISO:SE	SE	EN
948	ISO:SE	SE	EN
4861	ISO:SE	SE	EN
102677	ISO:SE	SE	EN
2013	ISO:SE	SE	EN
102902	ISO:SE	SE	EN
101616	ISO:SE	SE	EN
101176	ISO:SE	SE	EN
173	ISO:SE	SE	EN
102087	ISO:SE	SE	EN
100761	ISO:SE	SE	EN
100200	ISO:SE	SE	EN
100201	ISO:SE	SE	EN
100374	ISO:SE	SE	EN
103074	ISO:SE	SE	EN
260	ISO:SE	SE	EN
1240	ISO:SE	SE	EN
5465	ISO:SE	SE	EN
551	ISO:SE	SE	EN
1788	ISO:SE	SE	EN
184	ISO:SE	SE	EN
186	ISO:SE	SE	EN
188	ISO:SE	SE	EN
222	ISO:SE	SE	EN
664	ISO:SE	SE	EN
1150	ISO:SE	SE	EN
1804	ISO:SE	SE	EN
1110	ISO:SE	SE	EN
1279	ISO:SE	SE	EN
1254	ISO:SE	SE	EN
1617	ISO:SE	SE	EN
1615	ISO:SE	SE	EN
3	ISO:SE	SE	EN
79	ISO:SE	SE	EN
1577	ISO:SE	SE	EN
1491	ISO:SE	SE	EN
708	ISO:SE	SE	EN
2972	ISO:SE	SE	EN
101866	ISO:SE	SE	EN
101668	ISO:SE	SE	EN
2072	ISO:SE	SE	EN
1438	ISO:SE	SE	EN
1436	ISO:SE	SE	EN
719	ISO:SE	SE	EN
940	ISO:SE	SE	EN
2045	ISO:SE	SE	EN
946	ISO:SE	SE	EN
2035	ISO:SE	SE	EN
4902	ISO:SE	SE	EN
5453	ISO:SE	SE	EN
529	ISO:SE	SE	EN
120	ISO:SE	SE	EN
1850	ISO:SE	SE	EN
1268	ISO:SE	SE	EN
1085	ISO:SE	SE	EN
102145	ISO:SE	SE	EN
1614	ISO:SE	SE	EN
1613	ISO:SE	SE	EN
1229	ISO:SE	SE	EN
2074	ISO:SE	SE	EN
254	ISO:SE	SE	EN
102133	ISO:SE	SE	EN
986	ISO:SE	SE	EN
1768	ISO:SE	SE	EN
130	ISO:SE	SE	EN
131	ISO:SE	SE	EN
138	ISO:SE	SE	EN
228	ISO:SE	SE	EN
252	ISO:SE	SE	EN
307	ISO:SE	SE	EN
354	ISO:SE	SE	EN
1810	ISO:SE	SE	EN
387	ISO:SE	SE	EN
391	ISO:SE	SE	EN
499	ISO:SE	SE	EN
515	ISO:SE	SE	EN
553	ISO:SE	SE	EN
586	ISO:SE	SE	EN
587	ISO:SE	SE	EN
1459	ISO:SE	SE	EN
1353	ISO:SE	SE	EN
135	ISO:SE	SE	EN
733	ISO:SE	SE	EN
768	ISO:SE	SE	EN
1412	ISO:SE	SE	EN
956	ISO:SE	SE	EN
958	ISO:SE	SE	EN
1405	ISO:SE	SE	EN
962	ISO:SE	SE	EN
1928	ISO:SE	SE	EN
281	ISO:SE	SE	EN
1063	ISO:SE	SE	EN
1820	ISO:SE	SE	EN
1152	ISO:SE	SE	EN
1185	ISO:SE	SE	EN
1231	ISO:SE	SE	EN
1238	ISO:SE	SE	EN
1239	ISO:SE	SE	EN
1321	ISO:SE	SE	EN
1323	ISO:SE	SE	EN
1343	ISO:SE	SE	EN
1828	ISO:SE	SE	EN
1829	ISO:SE	SE	EN
1926	ISO:SE	SE	EN
1689	ISO:SE	SE	EN
1514	ISO:SE	SE	EN
1515	ISO:SE	SE	EN
1533	ISO:SE	SE	EN
1539	ISO:SE	SE	EN
1581	ISO:SE	SE	EN
1713	ISO:SE	SE	EN
836	ISO:SE	SE	EN
114	ISO:SE	SE	EN
1398	ISO:SE	SE	EN
1364	ISO:SE	SE	EN
975	ISO:SE	SE	EN
1330	ISO:SE	SE	EN
2078	ISO:SE	SE	EN
1264	ISO:SE	SE	EN
1902	ISO:SE	SE	EN
1142	ISO:SE	SE	EN
914	ISO:SE	SE	EN
707	ISO:SE	SE	EN
629	ISO:SE	SE	EN
564	ISO:SE	SE	EN
339	ISO:SE	SE	EN
337	ISO:SE	SE	EN
317	ISO:SE	SE	EN
115	ISO:SE	SE	EN
624	ISO:SE	SE	EN
61	ISO:SE	SE	EN
1228	ISO:SE	SE	EN
1253	ISO:SE	SE	EN
1243	ISO:SE	SE	EN
1188	ISO:SE	SE	EN
1099	ISO:SE	SE	EN
1098	ISO:SE	SE	EN
565	ISO:SE	SE	EN
1084	ISO:SE	SE	EN
1023	ISO:SE	SE	EN
1429	ISO:SE	SE	EN
747	ISO:SE	SE	EN
1869	ISO:SE	SE	EN
1671	ISO:SE	SE	EN
893	ISO:SE	SE	EN
60	ISO:SE	SE	EN
1451	ISO:SE	SE	EN
902	ISO:SE	SE	EN
627	ISO:SE	SE	EN
1663	ISO:SE	SE	EN
576	ISO:SE	SE	EN
690	ISO:SE	SE	EN
1366	ISO:SE	SE	EN
1853	ISO:SE	SE	EN
1898	ISO:SE	SE	EN
1888	ISO:SE	SE	EN
179	ISO:SE	SE	EN
1283	ISO:SE	SE	EN
89	ISO:SE	SE	EN
1508	ISO:SE	SE	EN
640	ISO:SE	SE	EN
632	ISO:SE	SE	EN
21	ISO:SE	SE	EN
286	ISO:SE	SE	EN
1490	ISO:SE	SE	EN
1289	ISO:SE	SE	EN
1718	ISO:SE	SE	EN
22	ISO:SE	SE	EN
1874	ISO:SE	SE	EN
1123	ISO:SE	SE	EN
776	ISO:SE	SE	EN
1603	ISO:SE	SE	EN
1659	ISO:SE	SE	EN
563	ISO:SE	SE	EN
1878	ISO:SE	SE	EN
837	ISO:SE	SE	EN
289	ISO:SE	SE	EN
1956	ISO:SE	SE	EN
1286	ISO:SE	SE	EN
263	ISO:SE	SE	EN
265	ISO:SE	SE	EN
1866	ISO:SE	SE	EN
1465	ISO:SE	SE	EN
1207	ISO:SE	SE	EN
175	ISO:SE	SE	EN
177	ISO:SE	SE	EN
784	ISO:SE	SE	EN
1160	ISO:SE	SE	EN
1900	ISO:SE	SE	EN
1420	ISO:SE	SE	EN
753	ISO:SE	SE	EN
1187	ISO:SE	SE	EN
301	ISO:SE	SE	EN
528	ISO:SE	SE	EN
1362	ISO:SE	SE	EN
1082	ISO:SE	SE	EN
669	ISO:SE	SE	EN
1019	ISO:SE	SE	EN
1038	ISO:SE	SE	EN
1432	ISO:SE	SE	EN
1433	ISO:SE	SE	EN
1524	ISO:SE	SE	EN
1651	ISO:SE	SE	EN
1655	ISO:SE	SE	EN
982	ISO:SE	SE	EN
4399	ISO:SE	SE	EN
102809	ISO:SE	SE	EN
217754	ISO:SE	SE	EN
200443	ISO:SE	SE	EN
200457	ISO:SE	SE	EN
217839	ISO:SE	SE	EN
217846	ISO:SE	SE	EN
227474	ISO:SE	SE	EN
234252	ISO:SE	SE	EN
234248	ISO:SE	SE	EN
215749	ISO:SE	SE	EN
234757	ISO:SE	SE	EN
232128	ISO:SE	SE	EN
226180	ISO:SE	SE	EN
233253	ISO:SE	SE	EN
233025	ISO:SE	SE	EN
236136	ISO:SE	SE	EN
234398	ISO:SE	SE	EN
215195	ISO:SE	SE	EN
234317	ISO:SE	SE	EN
217837	ISO:SE	SE	EN
217841	ISO:SE	SE	EN
232274	ISO:SE	SE	EN
205489	ISO:SE	SE	EN
232139	ISO:SE	SE	EN
232216	ISO:SE	SE	EN
230629	ISO:SE	SE	EN
230676	ISO:SE	SE	EN
230659	ISO:SE	SE	EN
230663	ISO:SE	SE	EN
230688	ISO:SE	SE	EN
230859	ISO:SE	SE	EN
230898	ISO:SE	SE	EN
230908	ISO:SE	SE	EN
230798	ISO:SE	SE	EN
230635	ISO:SE	SE	EN
230647	ISO:SE	SE	EN
220785	ISO:SE	SE	EN
234184	ISO:SE	SE	EN
234274	ISO:SE	SE	EN
231478	ISO:SE	SE	EN
206220	ISO:SE	SE	EN
206086	ISO:SE	SE	EN
206180	ISO:SE	SE	EN
206061	ISO:SE	SE	EN
233849	ISO:SE	SE	EN
229729	ISO:SE	SE	EN
228487	ISO:SE	SE	EN
229186	ISO:SE	SE	EN
223143	ISO:SE	SE	EN
229485	ISO:SE	SE	EN
229541	ISO:SE	SE	EN
229653	ISO:SE	SE	EN
229654	ISO:SE	SE	EN
229953	ISO:SE	SE	EN
230130	ISO:SE	SE	EN
229077	ISO:SE	SE	EN
230104	ISO:SE	SE	EN
230138	ISO:SE	SE	EN
235011	ISO:SE	SE	EN
220280	ISO:SE	SE	EN
231333	ISO:SE	SE	EN
231485	ISO:SE	SE	EN
231500	ISO:SE	SE	EN
231503	ISO:SE	SE	EN
231510	ISO:SE	SE	EN
231513	ISO:SE	SE	EN
231517	ISO:SE	SE	EN
231527	ISO:SE	SE	EN
231572	ISO:SE	SE	EN
231573	ISO:SE	SE	EN
231582	ISO:SE	SE	EN
231592	ISO:SE	SE	EN
231596	ISO:SE	SE	EN
231616	ISO:SE	SE	EN
231624	ISO:SE	SE	EN
231626	ISO:SE	SE	EN
231638	ISO:SE	SE	EN
231640	ISO:SE	SE	EN
231651	ISO:SE	SE	EN
231653	ISO:SE	SE	EN
231655	ISO:SE	SE	EN
231661	ISO:SE	SE	EN
231664	ISO:SE	SE	EN
231665	ISO:SE	SE	EN
231667	ISO:SE	SE	EN
231669	ISO:SE	SE	EN
231671	ISO:SE	SE	EN
231673	ISO:SE	SE	EN
231681	ISO:SE	SE	EN
231685	ISO:SE	SE	EN
231691	ISO:SE	SE	EN
231699	ISO:SE	SE	EN
231705	ISO:SE	SE	EN
231710	ISO:SE	SE	EN
231716	ISO:SE	SE	EN
231725	ISO:SE	SE	EN
231729	ISO:SE	SE	EN
231738	ISO:SE	SE	EN
231741	ISO:SE	SE	EN
231743	ISO:SE	SE	EN
231774	ISO:SE	SE	EN
231775	ISO:SE	SE	EN
231777	ISO:SE	SE	EN
231785	ISO:SE	SE	EN
231799	ISO:SE	SE	EN
231825	ISO:SE	SE	EN
231829	ISO:SE	SE	EN
231841	ISO:SE	SE	EN
231842	ISO:SE	SE	EN
231844	ISO:SE	SE	EN
231848	ISO:SE	SE	EN
231852	ISO:SE	SE	EN
231854	ISO:SE	SE	EN
231858	ISO:SE	SE	EN
231871	ISO:SE	SE	EN
231880	ISO:SE	SE	EN
231882	ISO:SE	SE	EN
231886	ISO:SE	SE	EN
231896	ISO:SE	SE	EN
231908	ISO:SE	SE	EN
231911	ISO:SE	SE	EN
231924	ISO:SE	SE	EN
231928	ISO:SE	SE	EN
231933	ISO:SE	SE	EN
231950	ISO:SE	SE	EN
231959	ISO:SE	SE	EN
231966	ISO:SE	SE	EN
231968	ISO:SE	SE	EN
231972	ISO:SE	SE	EN
231975	ISO:SE	SE	EN
231976	ISO:SE	SE	EN
231977	ISO:SE	SE	EN
231988	ISO:SE	SE	EN
232009	ISO:SE	SE	EN
232012	ISO:SE	SE	EN
232030	ISO:SE	SE	EN
232048	ISO:SE	SE	EN
232055	ISO:SE	SE	EN
232068	ISO:SE	SE	EN
232080	ISO:SE	SE	EN
232088	ISO:SE	SE	EN
232096	ISO:SE	SE	EN
232110	ISO:SE	SE	EN
232113	ISO:SE	SE	EN
231177	ISO:SE	SE	EN
231189	ISO:SE	SE	EN
231200	ISO:SE	SE	EN
231206	ISO:SE	SE	EN
231210	ISO:SE	SE	EN
231220	ISO:SE	SE	EN
231222	ISO:SE	SE	EN
231253	ISO:SE	SE	EN
231293	ISO:SE	SE	EN
231335	ISO:SE	SE	EN
231373	ISO:SE	SE	EN
231390	ISO:SE	SE	EN
231392	ISO:SE	SE	EN
231423	ISO:SE	SE	EN
231441	ISO:SE	SE	EN
231460	ISO:SE	SE	EN
231284	ISO:SE	SE	EN
231382	ISO:SE	SE	EN
231408	ISO:SE	SE	EN
231440	ISO:SE	SE	EN
231481	ISO:SE	SE	EN
231502	ISO:SE	SE	EN
231518	ISO:SE	SE	EN
231521	ISO:SE	SE	EN
231523	ISO:SE	SE	EN
231526	ISO:SE	SE	EN
231585	ISO:SE	SE	EN
231586	ISO:SE	SE	EN
231607	ISO:SE	SE	EN
231658	ISO:SE	SE	EN
231780	ISO:SE	SE	EN
231830	ISO:SE	SE	EN
231888	ISO:SE	SE	EN
231920	ISO:SE	SE	EN
231986	ISO:SE	SE	EN
232017	ISO:SE	SE	EN
232041	ISO:SE	SE	EN
232043	ISO:SE	SE	EN
232121	ISO:SE	SE	EN
220275	ISO:SE	SE	EN
221447	ISO:SE	SE	EN
222588	ISO:SE	SE	EN
221784	ISO:SE	SE	EN
232142	ISO:SE	SE	EN
249147	ISO:SE	SE	EN
248484	ISO:SE	SE	EN
252391	ISO:SE	SE	EN
256840	ISO:SE	SE	EN
248958	ISO:SE	SE	EN
239737	ISO:SE	SE	EN
248959	ISO:SE	SE	EN
248940	ISO:SE	SE	EN
241748	ISO:SE	SE	EN
252389	ISO:SE	SE	EN
248956	ISO:SE	SE	EN
250285	ISO:SE	SE	EN
256337	ISO:SE	SE	EN
6003353	ISO:SE	SE	EN
259082	ISO:SE	SE	EN
245043	ISO:SE	SE	EN
244151	ISO:SE	SE	EN
6002893	ISO:SE	SE	EN
265348	ISO:SE	SE	EN
264893	ISO:SE	SE	EN
258576	ISO:SE	SE	EN
249167	ISO:SE	SE	EN
250096	ISO:SE	SE	EN
250110	ISO:SE	SE	EN
257114	ISO:SE	SE	EN
256553	ISO:SE	SE	EN
267006	ISO:SE	SE	EN
267009	ISO:SE	SE	EN
267008	ISO:SE	SE	EN
267007	ISO:SE	SE	EN
1637	ISO:SE	SE	EN
6000135	ISO:SE	SE	EN
6000188	ISO:SE	SE	EN
251278	ISO:SE	SE	EN
251311	ISO:SE	SE	EN
251314	ISO:SE	SE	EN
251900	ISO:SE	SE	EN
251297	ISO:SE	SE	EN
251307	ISO:SE	SE	EN
251308	ISO:SE	SE	EN
251466	ISO:SE	SE	EN
6003554	ISO:SE	SE	EN
6003555	ISO:SE	SE	EN
266120	ISO:SE	SE	EN
266122	ISO:SE	SE	EN
266125	ISO:SE	SE	EN
266133	ISO:SE	SE	EN
266138	ISO:SE	SE	EN
260575	ISO:SE	SE	EN
100541	ISO:SE	SE	VU
100542	ISO:SE	SE	VU
100649	ISO:SE	SE	VU
490	ISO:SE	SE	VU
101384	ISO:SE	SE	VU
100505	ISO:SE	SE	VU
102882	ISO:SE	SE	VU
102880	ISO:SE	SE	VU
100502	ISO:SE	SE	VU
100203	ISO:SE	SE	VU
102842	ISO:SE	SE	VU
102837	ISO:SE	SE	VU
102838	ISO:SE	SE	VU
102828	ISO:SE	SE	VU
102825	ISO:SE	SE	VU
100562	ISO:SE	SE	VU
100087	ISO:SE	SE	VU
100041	ISO:SE	SE	VU
100070	ISO:SE	SE	VU
100119	ISO:SE	SE	VU
100117	ISO:SE	SE	VU
100022	ISO:SE	SE	VU
100021	ISO:SE	SE	VU
100098	ISO:SE	SE	VU
1296	ISO:SE	SE	VU
561	ISO:SE	SE	VU
1449	ISO:SE	SE	VU
1157	ISO:SE	SE	VU
1333	ISO:SE	SE	VU
1062	ISO:SE	SE	VU
345	ISO:SE	SE	VU
30	ISO:SE	SE	VU
118	ISO:SE	SE	VU
111	ISO:SE	SE	VU
1130	ISO:SE	SE	VU
812	ISO:SE	SE	VU
180	ISO:SE	SE	VU
100106	ISO:SE	SE	VU
100066	ISO:SE	SE	VU
100024	ISO:SE	SE	VU
100015	ISO:SE	SE	VU
100942	ISO:SE	SE	VU
102396	ISO:SE	SE	VU
100379	ISO:SE	SE	VU
101968	ISO:SE	SE	VU
100295	ISO:SE	SE	VU
102126	ISO:SE	SE	VU
102123	ISO:SE	SE	VU
100004	ISO:SE	SE	VU
100020	ISO:SE	SE	VU
100133	ISO:SE	SE	VU
100030	ISO:SE	SE	VU
100135	ISO:SE	SE	VU
100075	ISO:SE	SE	VU
100103	ISO:SE	SE	VU
100116	ISO:SE	SE	VU
100055	ISO:SE	SE	VU
100873	ISO:SE	SE	VU
101611	ISO:SE	SE	VU
100466	ISO:SE	SE	VU
100468	ISO:SE	SE	VU
100471	ISO:SE	SE	VU
102197	ISO:SE	SE	VU
100469	ISO:SE	SE	VU
102164	ISO:SE	SE	VU
102010	ISO:SE	SE	VU
100615	ISO:SE	SE	VU
100617	ISO:SE	SE	VU
100618	ISO:SE	SE	VU
100619	ISO:SE	SE	VU
101051	ISO:SE	SE	VU
102262	ISO:SE	SE	VU
102202	ISO:SE	SE	VU
101913	ISO:SE	SE	VU
101158	ISO:SE	SE	VU
100187	ISO:SE	SE	VU
101059	ISO:SE	SE	VU
101729	ISO:SE	SE	VU
101731	ISO:SE	SE	VU
100605	ISO:SE	SE	VU
101123	ISO:SE	SE	VU
103813	ISO:SE	SE	VU
103815	ISO:SE	SE	VU
103818	ISO:SE	SE	VU
103819	ISO:SE	SE	VU
101594	ISO:SE	SE	VU
102244	ISO:SE	SE	VU
101545	ISO:SE	SE	VU
101321	ISO:SE	SE	VU
102317	ISO:SE	SE	VU
104099	ISO:SE	SE	VU
100835	ISO:SE	SE	VU
101214	ISO:SE	SE	VU
101397	ISO:SE	SE	VU
101781	ISO:SE	SE	VU
101392	ISO:SE	SE	VU
100967	ISO:SE	SE	VU
100864	ISO:SE	SE	VU
100198	ISO:SE	SE	VU
101121	ISO:SE	SE	VU
101697	ISO:SE	SE	VU
101698	ISO:SE	SE	VU
101499	ISO:SE	SE	VU
102518	ISO:SE	SE	VU
102307	ISO:SE	SE	VU
100480	ISO:SE	SE	VU
102199	ISO:SE	SE	VU
101287	ISO:SE	SE	VU
100951	ISO:SE	SE	VU
100955	ISO:SE	SE	VU
101006	ISO:SE	SE	VU
101599	ISO:SE	SE	VU
100460	ISO:SE	SE	VU
100461	ISO:SE	SE	VU
100462	ISO:SE	SE	VU
100486	ISO:SE	SE	VU
100488	ISO:SE	SE	VU
100489	ISO:SE	SE	VU
100491	ISO:SE	SE	VU
100493	ISO:SE	SE	VU
100494	ISO:SE	SE	VU
101583	ISO:SE	SE	VU
101041	ISO:SE	SE	VU
101997	ISO:SE	SE	VU
100609	ISO:SE	SE	VU
100305	ISO:SE	SE	VU
101244	ISO:SE	SE	VU
101324	ISO:SE	SE	VU
100416	ISO:SE	SE	VU
100496	ISO:SE	SE	VU
101567	ISO:SE	SE	VU
101881	ISO:SE	SE	VU
100963	ISO:SE	SE	VU
100964	ISO:SE	SE	VU
100965	ISO:SE	SE	VU
101782	ISO:SE	SE	VU
100786	ISO:SE	SE	VU
101572	ISO:SE	SE	VU
101573	ISO:SE	SE	VU
102356	ISO:SE	SE	VU
100178	ISO:SE	SE	VU
100329	ISO:SE	SE	VU
100335	ISO:SE	SE	VU
100708	ISO:SE	SE	VU
101454	ISO:SE	SE	VU
101455	ISO:SE	SE	VU
101457	ISO:SE	SE	VU
100516	ISO:SE	SE	VU
100218	ISO:SE	SE	VU
100822	ISO:SE	SE	VU
102287	ISO:SE	SE	VU
101820	ISO:SE	SE	VU
102341	ISO:SE	SE	VU
100419	ISO:SE	SE	VU
100268	ISO:SE	SE	VU
100270	ISO:SE	SE	VU
100890	ISO:SE	SE	VU
100829	ISO:SE	SE	VU
100862	ISO:SE	SE	VU
102285	ISO:SE	SE	VU
101329	ISO:SE	SE	VU
101702	ISO:SE	SE	VU
100928	ISO:SE	SE	VU
101588	ISO:SE	SE	VU
100813	ISO:SE	SE	VU
100431	ISO:SE	SE	VU
101280	ISO:SE	SE	VU
102297	ISO:SE	SE	VU
101446	ISO:SE	SE	VU
101622	ISO:SE	SE	VU
101651	ISO:SE	SE	VU
101995	ISO:SE	SE	VU
102228	ISO:SE	SE	VU
101111	ISO:SE	SE	VU
102233	ISO:SE	SE	VU
101905	ISO:SE	SE	VU
102319	ISO:SE	SE	VU
101153	ISO:SE	SE	VU
101376	ISO:SE	SE	VU
100802	ISO:SE	SE	VU
100915	ISO:SE	SE	VU
100918	ISO:SE	SE	VU
101295	ISO:SE	SE	VU
101296	ISO:SE	SE	VU
102302	ISO:SE	SE	VU
100779	ISO:SE	SE	VU
101708	ISO:SE	SE	VU
101784	ISO:SE	SE	VU
101517	ISO:SE	SE	VU
101163	ISO:SE	SE	VU
101164	ISO:SE	SE	VU
101412	ISO:SE	SE	VU
101413	ISO:SE	SE	VU
100749	ISO:SE	SE	VU
100755	ISO:SE	SE	VU
100758	ISO:SE	SE	VU
100425	ISO:SE	SE	VU
100426	ISO:SE	SE	VU
100420	ISO:SE	SE	VU
100703	ISO:SE	SE	VU
100577	ISO:SE	SE	VU
101488	ISO:SE	SE	VU
101725	ISO:SE	SE	VU
100897	ISO:SE	SE	VU
100710	ISO:SE	SE	VU
102216	ISO:SE	SE	VU
101170	ISO:SE	SE	VU
101368	ISO:SE	SE	VU
102169	ISO:SE	SE	VU
101141	ISO:SE	SE	VU
101143	ISO:SE	SE	VU
101691	ISO:SE	SE	VU
100202	ISO:SE	SE	VU
101802	ISO:SE	SE	VU
101974	ISO:SE	SE	VU
101959	ISO:SE	SE	VU
101559	ISO:SE	SE	VU
100483	ISO:SE	SE	VU
101887	ISO:SE	SE	VU
100237	ISO:SE	SE	VU
101110	ISO:SE	SE	VU
101631	ISO:SE	SE	VU
100714	ISO:SE	SE	VU
102217	ISO:SE	SE	VU
101535	ISO:SE	SE	VU
101590	ISO:SE	SE	VU
101954	ISO:SE	SE	VU
101306	ISO:SE	SE	VU
100788	ISO:SE	SE	VU
101960	ISO:SE	SE	VU
101348	ISO:SE	SE	VU
101891	ISO:SE	SE	VU
101466	ISO:SE	SE	VU
100293	ISO:SE	SE	VU
100841	ISO:SE	SE	VU
102333	ISO:SE	SE	VU
101130	ISO:SE	SE	VU
101283	ISO:SE	SE	VU
101481	ISO:SE	SE	VU
100900	ISO:SE	SE	VU
100303	ISO:SE	SE	VU
101712	ISO:SE	SE	VU
101566	ISO:SE	SE	VU
100622	ISO:SE	SE	VU
101186	ISO:SE	SE	VU
101571	ISO:SE	SE	VU
100853	ISO:SE	SE	VU
101156	ISO:SE	SE	VU
100738	ISO:SE	SE	VU
100739	ISO:SE	SE	VU
100742	ISO:SE	SE	VU
100743	ISO:SE	SE	VU
100639	ISO:SE	SE	VU
100987	ISO:SE	SE	VU
101232	ISO:SE	SE	VU
102293	ISO:SE	SE	VU
100558	ISO:SE	SE	VU
100630	ISO:SE	SE	VU
101826	ISO:SE	SE	VU
100599	ISO:SE	SE	VU
100596	ISO:SE	SE	VU
100247	ISO:SE	SE	VU
101570	ISO:SE	SE	VU
101852	ISO:SE	SE	VU
101716	ISO:SE	SE	VU
100722	ISO:SE	SE	VU
100721	ISO:SE	SE	VU
100827	ISO:SE	SE	VU
100445	ISO:SE	SE	VU
100442	ISO:SE	SE	VU
101112	ISO:SE	SE	VU
100704	ISO:SE	SE	VU
101860	ISO:SE	SE	VU
102336	ISO:SE	SE	VU
101139	ISO:SE	SE	VU
101474	ISO:SE	SE	VU
100548	ISO:SE	SE	VU
100358	ISO:SE	SE	VU
100356	ISO:SE	SE	VU
100349	ISO:SE	SE	VU
102539	ISO:SE	SE	VU
100504	ISO:SE	SE	VU
102530	ISO:SE	SE	VU
102529	ISO:SE	SE	VU
102526	ISO:SE	SE	VU
102090	ISO:SE	SE	VU
100664	ISO:SE	SE	VU
102082	ISO:SE	SE	VU
102078	ISO:SE	SE	VU
102076	ISO:SE	SE	VU
100645	ISO:SE	SE	VU
100644	ISO:SE	SE	VU
102850	ISO:SE	SE	VU
102843	ISO:SE	SE	VU
102835	ISO:SE	SE	VU
102822	ISO:SE	SE	VU
101319	ISO:SE	SE	VU
102705	ISO:SE	SE	VU
102813	ISO:SE	SE	VU
102230	ISO:SE	SE	VU
101371	ISO:SE	SE	VU
101264	ISO:SE	SE	VU
101362	ISO:SE	SE	VU
101028	ISO:SE	SE	VU
101982	ISO:SE	SE	VU
101871	ISO:SE	SE	VU
165	ISO:SE	SE	VU
102547	ISO:SE	SE	VU
101807	ISO:SE	SE	VU
102532	ISO:SE	SE	VU
102855	ISO:SE	SE	VU
102856	ISO:SE	SE	VU
102864	ISO:SE	SE	VU
102915	ISO:SE	SE	VU
102913	ISO:SE	SE	VU
102780	ISO:SE	SE	VU
102779	ISO:SE	SE	VU
100839	ISO:SE	SE	VU
100768	ISO:SE	SE	VU
101984	ISO:SE	SE	VU
101444	ISO:SE	SE	VU
100984	ISO:SE	SE	VU
101727	ISO:SE	SE	VU
101780	ISO:SE	SE	VU
101326	ISO:SE	SE	VU
101961	ISO:SE	SE	VU
100291	ISO:SE	SE	VU
100186	ISO:SE	SE	VU
102067	ISO:SE	SE	VU
101497	ISO:SE	SE	VU
102036	ISO:SE	SE	VU
102062	ISO:SE	SE	VU
100665	ISO:SE	SE	VU
102085	ISO:SE	SE	VU
101972	ISO:SE	SE	VU
100321	ISO:SE	SE	VU
100624	ISO:SE	SE	VU
102092	ISO:SE	SE	VU
101878	ISO:SE	SE	VU
101390	ISO:SE	SE	VU
101387	ISO:SE	SE	VU
102765	ISO:SE	SE	VU
102716	ISO:SE	SE	VU
102737	ISO:SE	SE	VU
102570	ISO:SE	SE	VU
100508	ISO:SE	SE	VU
101910	ISO:SE	SE	VU
101542	ISO:SE	SE	VU
2111	ISO:SE	SE	VU
524	ISO:SE	SE	VU
102603	ISO:SE	SE	VU
100812	ISO:SE	SE	VU
100157	ISO:SE	SE	VU
101072	ISO:SE	SE	VU
990	ISO:SE	SE	VU
102891	ISO:SE	SE	VU
102894	ISO:SE	SE	VU
102887	ISO:SE	SE	VU
102885	ISO:SE	SE	VU
101688	ISO:SE	SE	VU
559	ISO:SE	SE	VU
538	ISO:SE	SE	VU
1159	ISO:SE	SE	VU
82	ISO:SE	SE	VU
249	ISO:SE	SE	VU
250	ISO:SE	SE	VU
1585	ISO:SE	SE	VU
1199	ISO:SE	SE	VU
1290	ISO:SE	SE	VU
181	ISO:SE	SE	VU
547	ISO:SE	SE	VU
752	ISO:SE	SE	VU
1646	ISO:SE	SE	VU
1647	ISO:SE	SE	VU
614	ISO:SE	SE	VU
1097	ISO:SE	SE	VU
204	ISO:SE	SE	VU
207	ISO:SE	SE	VU
1259	ISO:SE	SE	VU
1057	ISO:SE	SE	VU
1134	ISO:SE	SE	VU
1629	ISO:SE	SE	VU
1482	ISO:SE	SE	VU
1484	ISO:SE	SE	VU
1485	ISO:SE	SE	VU
724	ISO:SE	SE	VU
1762	ISO:SE	SE	VU
1837	ISO:SE	SE	VU
580	ISO:SE	SE	VU
1552	ISO:SE	SE	VU
1024	ISO:SE	SE	VU
1079	ISO:SE	SE	VU
1324	ISO:SE	SE	VU
1074	ISO:SE	SE	VU
347	ISO:SE	SE	VU
1380	ISO:SE	SE	VU
634	ISO:SE	SE	VU
636	ISO:SE	SE	VU
813	ISO:SE	SE	VU
814	ISO:SE	SE	VU
815	ISO:SE	SE	VU
890	ISO:SE	SE	VU
1021	ISO:SE	SE	VU
1453	ISO:SE	SE	VU
1454	ISO:SE	SE	VU
1844	ISO:SE	SE	VU
761	ISO:SE	SE	VU
906	ISO:SE	SE	VU
232	ISO:SE	SE	VU
662	ISO:SE	SE	VU
51	ISO:SE	SE	VU
660	ISO:SE	SE	VU
1384	ISO:SE	SE	VU
1386	ISO:SE	SE	VU
1388	ISO:SE	SE	VU
100399	ISO:SE	SE	VU
101037	ISO:SE	SE	VU
102641	ISO:SE	SE	VU
102385	ISO:SE	SE	VU
100635	ISO:SE	SE	VU
101815	ISO:SE	SE	VU
100877	ISO:SE	SE	VU
100680	ISO:SE	SE	VU
100686	ISO:SE	SE	VU
100691	ISO:SE	SE	VU
100694	ISO:SE	SE	VU
100695	ISO:SE	SE	VU
102476	ISO:SE	SE	VU
100719	ISO:SE	SE	VU
101468	ISO:SE	SE	VU
101189	ISO:SE	SE	VU
101814	ISO:SE	SE	VU
2472	ISO:SE	SE	VU
2492	ISO:SE	SE	VU
2487	ISO:SE	SE	VU
723	ISO:SE	SE	VU
2317	ISO:SE	SE	VU
101909	ISO:SE	SE	VU
6055	ISO:SE	SE	VU
885	ISO:SE	SE	VU
4661	ISO:SE	SE	VU
884	ISO:SE	SE	VU
4365	ISO:SE	SE	VU
5749	ISO:SE	SE	VU
5747	ISO:SE	SE	VU
5745	ISO:SE	SE	VU
5733	ISO:SE	SE	VU
2051	ISO:SE	SE	VU
2049	ISO:SE	SE	VU
1357	ISO:SE	SE	VU
686	ISO:SE	SE	VU
6286	ISO:SE	SE	VU
1209	ISO:SE	SE	VU
2405	ISO:SE	SE	VU
2725	ISO:SE	SE	VU
100892	ISO:SE	SE	VU
100803	ISO:SE	SE	VU
100767	ISO:SE	SE	VU
101621	ISO:SE	SE	VU
3606	ISO:SE	SE	VU
3563	ISO:SE	SE	VU
3561	ISO:SE	SE	VU
360	ISO:SE	SE	VU
871	ISO:SE	SE	VU
2012	ISO:SE	SE	VU
101005	ISO:SE	SE	VU
6037	ISO:SE	SE	VU
6260	ISO:SE	SE	VU
1596	ISO:SE	SE	VU
603	ISO:SE	SE	VU
1565	ISO:SE	SE	VU
1564	ISO:SE	SE	VU
1093	ISO:SE	SE	VU
1092	ISO:SE	SE	VU
332	ISO:SE	SE	VU
324	ISO:SE	SE	VU
101606	ISO:SE	SE	VU
101808	ISO:SE	SE	VU
100677	ISO:SE	SE	VU
100564	ISO:SE	SE	VU
100173	ISO:SE	SE	VU
101685	ISO:SE	SE	VU
102405	ISO:SE	SE	VU
102406	ISO:SE	SE	VU
102408	ISO:SE	SE	VU
101001	ISO:SE	SE	VU
102446	ISO:SE	SE	VU
102500	ISO:SE	SE	VU
100551	ISO:SE	SE	VU
100273	ISO:SE	SE	VU
100274	ISO:SE	SE	VU
102378	ISO:SE	SE	VU
100824	ISO:SE	SE	VU
102362	ISO:SE	SE	VU
102481	ISO:SE	SE	VU
100185	ISO:SE	SE	VU
100162	ISO:SE	SE	VU
102423	ISO:SE	SE	VU
102395	ISO:SE	SE	VU
100411	ISO:SE	SE	VU
102485	ISO:SE	SE	VU
100934	ISO:SE	SE	VU
100775	ISO:SE	SE	VU
101773	ISO:SE	SE	VU
102391	ISO:SE	SE	VU
102376	ISO:SE	SE	VU
102482	ISO:SE	SE	VU
101591	ISO:SE	SE	VU
101442	ISO:SE	SE	VU
101443	ISO:SE	SE	VU
102489	ISO:SE	SE	VU
102364	ISO:SE	SE	VU
100937	ISO:SE	SE	VU
100225	ISO:SE	SE	VU
102461	ISO:SE	SE	VU
102491	ISO:SE	SE	VU
102494	ISO:SE	SE	VU
101127	ISO:SE	SE	VU
101751	ISO:SE	SE	VU
101133	ISO:SE	SE	VU
101753	ISO:SE	SE	VU
100881	ISO:SE	SE	VU
100966	ISO:SE	SE	VU
100699	ISO:SE	SE	VU
101508	ISO:SE	SE	VU
100945	ISO:SE	SE	VU
102441	ISO:SE	SE	VU
100156	ISO:SE	SE	VU
101261	ISO:SE	SE	VU
100766	ISO:SE	SE	VU
101057	ISO:SE	SE	VU
101557	ISO:SE	SE	VU
101778	ISO:SE	SE	VU
101799	ISO:SE	SE	VU
102514	ISO:SE	SE	VU
102515	ISO:SE	SE	VU
100204	ISO:SE	SE	VU
100205	ISO:SE	SE	VU
100207	ISO:SE	SE	VU
102416	ISO:SE	SE	VU
102418	ISO:SE	SE	VU
101382	ISO:SE	SE	VU
102471	ISO:SE	SE	VU
101381	ISO:SE	SE	VU
102375	ISO:SE	SE	VU
102431	ISO:SE	SE	VU
102487	ISO:SE	SE	VU
102389	ISO:SE	SE	VU
102421	ISO:SE	SE	VU
6276	ISO:SE	SE	VU
1992	ISO:SE	SE	VU
1996	ISO:SE	SE	VU
1997	ISO:SE	SE	VU
3569	ISO:SE	SE	VU
3570	ISO:SE	SE	VU
3770	ISO:SE	SE	VU
1985	ISO:SE	SE	VU
1979	ISO:SE	SE	VU
1977	ISO:SE	SE	VU
472	ISO:SE	SE	VU
470	ISO:SE	SE	VU
452	ISO:SE	SE	VU
448	ISO:SE	SE	VU
445	ISO:SE	SE	VU
434	ISO:SE	SE	VU
433	ISO:SE	SE	VU
431	ISO:SE	SE	VU
430	ISO:SE	SE	VU
429	ISO:SE	SE	VU
424	ISO:SE	SE	VU
423	ISO:SE	SE	VU
376	ISO:SE	SE	VU
147	ISO:SE	SE	VU
102740	ISO:SE	SE	VU
102115	ISO:SE	SE	VU
102719	ISO:SE	SE	VU
102712	ISO:SE	SE	VU
102796	ISO:SE	SE	VU
1594	ISO:SE	SE	VU
1597	ISO:SE	SE	VU
2070	ISO:SE	SE	VU
1520	ISO:SE	SE	VU
886	ISO:SE	SE	VU
1852	ISO:SE	SE	VU
1857	ISO:SE	SE	VU
770	ISO:SE	SE	VU
145	ISO:SE	SE	VU
1083	ISO:SE	SE	VU
737	ISO:SE	SE	VU
850	ISO:SE	SE	VU
67	ISO:SE	SE	VU
68	ISO:SE	SE	VU
36	ISO:SE	SE	VU
1958	ISO:SE	SE	VU
100513	ISO:SE	SE	VU
102900	ISO:SE	SE	VU
3281	ISO:SE	SE	VU
369	ISO:SE	SE	VU
365	ISO:SE	SE	VU
364	ISO:SE	SE	VU
236	ISO:SE	SE	VU
149	ISO:SE	SE	VU
1334	ISO:SE	SE	VU
152	ISO:SE	SE	VU
2000	ISO:SE	SE	VU
574	ISO:SE	SE	VU
571	ISO:SE	SE	VU
102793	ISO:SE	SE	VU
521	ISO:SE	SE	VU
1999	ISO:SE	SE	VU
505	ISO:SE	SE	VU
558	ISO:SE	SE	VU
4863	ISO:SE	SE	VU
100405	ISO:SE	SE	VU
102093	ISO:SE	SE	VU
4118	ISO:SE	SE	VU
575	ISO:SE	SE	VU
101625	ISO:SE	SE	VU
102120	ISO:SE	SE	VU
100006	ISO:SE	SE	VU
100007	ISO:SE	SE	VU
102107	ISO:SE	SE	VU
100014	ISO:SE	SE	VU
102935	ISO:SE	SE	VU
100052	ISO:SE	SE	VU
103016	ISO:SE	SE	VU
103022	ISO:SE	SE	VU
100094	ISO:SE	SE	VU
100129	ISO:SE	SE	VU
102124	ISO:SE	SE	VU
103051	ISO:SE	SE	VU
103056	ISO:SE	SE	VU
100050	ISO:SE	SE	VU
38	ISO:SE	SE	VU
100837	ISO:SE	SE	VU
508	ISO:SE	SE	VU
1998	ISO:SE	SE	VU
100959	ISO:SE	SE	VU
611	ISO:SE	SE	VU
683	ISO:SE	SE	VU
48	ISO:SE	SE	VU
1899	ISO:SE	SE	VU
256	ISO:SE	SE	VU
102966	ISO:SE	SE	VU
65	ISO:SE	SE	VU
101171	ISO:SE	SE	VU
103146	ISO:SE	SE	VU
102682	ISO:SE	SE	VU
101406	ISO:SE	SE	VU
102691	ISO:SE	SE	VU
102694	ISO:SE	SE	VU
103154	ISO:SE	SE	VU
1964	ISO:SE	SE	VU
1598	ISO:SE	SE	VU
1599	ISO:SE	SE	VU
117	ISO:SE	SE	VU
3014	ISO:SE	SE	VU
150	ISO:SE	SE	VU
158	ISO:SE	SE	VU
298	ISO:SE	SE	VU
321	ISO:SE	SE	VU
275	ISO:SE	SE	VU
1503	ISO:SE	SE	VU
300	ISO:SE	SE	VU
1976	ISO:SE	SE	VU
839	ISO:SE	SE	VU
3290	ISO:SE	SE	VU
426	ISO:SE	SE	VU
449	ISO:SE	SE	VU
451	ISO:SE	SE	VU
1984	ISO:SE	SE	VU
442	ISO:SE	SE	VU
447	ISO:SE	SE	VU
1980	ISO:SE	SE	VU
1982	ISO:SE	SE	VU
3637	ISO:SE	SE	VU
3668	ISO:SE	SE	VU
3689	ISO:SE	SE	VU
462	ISO:SE	SE	VU
3599	ISO:SE	SE	VU
467	ISO:SE	SE	VU
3721	ISO:SE	SE	VU
3727	ISO:SE	SE	VU
3729	ISO:SE	SE	VU
3767	ISO:SE	SE	VU
511	ISO:SE	SE	VU
483	ISO:SE	SE	VU
101225	ISO:SE	SE	VU
605	ISO:SE	SE	VU
2032	ISO:SE	SE	VU
102976	ISO:SE	SE	VU
786	ISO:SE	SE	VU
787	ISO:SE	SE	VU
791	ISO:SE	SE	VU
790	ISO:SE	SE	VU
2015	ISO:SE	SE	VU
703	ISO:SE	SE	VU
750	ISO:SE	SE	VU
395	ISO:SE	SE	VU
767	ISO:SE	SE	VU
848	ISO:SE	SE	VU
1760	ISO:SE	SE	VU
1545	ISO:SE	SE	VU
1752	ISO:SE	SE	VU
1758	ISO:SE	SE	VU
757	ISO:SE	SE	VU
760	ISO:SE	SE	VU
102029	ISO:SE	SE	VU
795	ISO:SE	SE	VU
800	ISO:SE	SE	VU
801	ISO:SE	SE	VU
802	ISO:SE	SE	VU
804	ISO:SE	SE	VU
807	ISO:SE	SE	VU
808	ISO:SE	SE	VU
816	ISO:SE	SE	VU
818	ISO:SE	SE	VU
822	ISO:SE	SE	VU
824	ISO:SE	SE	VU
827	ISO:SE	SE	VU
831	ISO:SE	SE	VU
4414	ISO:SE	SE	VU
4419	ISO:SE	SE	VU
4427	ISO:SE	SE	VU
842	ISO:SE	SE	VU
843	ISO:SE	SE	VU
860	ISO:SE	SE	VU
2020	ISO:SE	SE	VU
876	ISO:SE	SE	VU
2022	ISO:SE	SE	VU
103096	ISO:SE	SE	VU
102664	ISO:SE	SE	VU
100285	ISO:SE	SE	VU
102669	ISO:SE	SE	VU
103119	ISO:SE	SE	VU
103113	ISO:SE	SE	VU
100478	ISO:SE	SE	VU
101258	ISO:SE	SE	VU
101487	ISO:SE	SE	VU
100159	ISO:SE	SE	VU
5600	ISO:SE	SE	VU
102645	ISO:SE	SE	VU
1608	ISO:SE	SE	VU
6308	ISO:SE	SE	VU
1096	ISO:SE	SE	VU
154	ISO:SE	SE	VU
1032	ISO:SE	SE	VU
2060	ISO:SE	SE	VU
2071	ISO:SE	SE	VU
1680	ISO:SE	SE	VU
1009	ISO:SE	SE	VU
979	ISO:SE	SE	VU
5965	ISO:SE	SE	VU
882	ISO:SE	SE	VU
883	ISO:SE	SE	VU
1619	ISO:SE	SE	VU
908	ISO:SE	SE	VU
1422	ISO:SE	SE	VU
1424	ISO:SE	SE	VU
762	ISO:SE	SE	VU
103127	ISO:SE	SE	VU
102690	ISO:SE	SE	VU
102697	ISO:SE	SE	VU
100869	ISO:SE	SE	VU
103216	ISO:SE	SE	VU
102698	ISO:SE	SE	VU
102704	ISO:SE	SE	VU
480	ISO:SE	SE	VU
2033	ISO:SE	SE	VU
4914	ISO:SE	SE	VU
100676	ISO:SE	SE	VU
720	ISO:SE	SE	VU
715	ISO:SE	SE	VU
859	ISO:SE	SE	VU
717	ISO:SE	SE	VU
714	ISO:SE	SE	VU
102899	ISO:SE	SE	VU
1903	ISO:SE	SE	VU
102027	ISO:SE	SE	VU
101483	ISO:SE	SE	VU
101484	ISO:SE	SE	VU
101486	ISO:SE	SE	VU
102083	ISO:SE	SE	VU
102084	ISO:SE	SE	VU
102086	ISO:SE	SE	VU
102644	ISO:SE	SE	VU
100980	ISO:SE	SE	VU
1106	ISO:SE	SE	VU
1105	ISO:SE	SE	VU
1300	ISO:SE	SE	VU
2047	ISO:SE	SE	VU
5360	ISO:SE	SE	VU
1179	ISO:SE	SE	VU
5322	ISO:SE	SE	VU
5260	ISO:SE	SE	VU
1618	ISO:SE	SE	VU
1100	ISO:SE	SE	VU
1218	ISO:SE	SE	VU
1217	ISO:SE	SE	VU
1794	ISO:SE	SE	VU
863	ISO:SE	SE	VU
1806	ISO:SE	SE	VU
1235	ISO:SE	SE	VU
1067	ISO:SE	SE	VU
1034	ISO:SE	SE	VU
1070	ISO:SE	SE	VU
1033	ISO:SE	SE	VU
5563	ISO:SE	SE	VU
701	ISO:SE	SE	VU
1439	ISO:SE	SE	VU
1668	ISO:SE	SE	VU
1358	ISO:SE	SE	VU
1765	ISO:SE	SE	VU
110	ISO:SE	SE	VU
102981	ISO:SE	SE	VU
103037	ISO:SE	SE	VU
1347	ISO:SE	SE	VU
1505	ISO:SE	SE	VU
1497	ISO:SE	SE	VU
1527	ISO:SE	SE	VU
552	ISO:SE	SE	VU
169	ISO:SE	SE	VU
166	ISO:SE	SE	VU
1395	ISO:SE	SE	VU
101613	ISO:SE	SE	VU
100371	ISO:SE	SE	VU
846	ISO:SE	SE	VU
881	ISO:SE	SE	VU
318	ISO:SE	SE	VU
1506	ISO:SE	SE	VU
1440	ISO:SE	SE	VU
1435	ISO:SE	SE	VU
103057	ISO:SE	SE	VU
103055	ISO:SE	SE	VU
103053	ISO:SE	SE	VU
103015	ISO:SE	SE	VU
918	ISO:SE	SE	VU
898	ISO:SE	SE	VU
2067	ISO:SE	SE	VU
3192	ISO:SE	SE	VU
1196	ISO:SE	SE	VU
1006	ISO:SE	SE	VU
951	ISO:SE	SE	VU
950	ISO:SE	SE	VU
949	ISO:SE	SE	VU
947	ISO:SE	SE	VU
1359	ISO:SE	SE	VU
1445	ISO:SE	SE	VU
1189	ISO:SE	SE	VU
2030	ISO:SE	SE	VU
2031	ISO:SE	SE	VU
2034	ISO:SE	SE	VU
2058	ISO:SE	SE	VU
2023	ISO:SE	SE	VU
2042	ISO:SE	SE	VU
2046	ISO:SE	SE	VU
2062	ISO:SE	SE	VU
2063	ISO:SE	SE	VU
2065	ISO:SE	SE	VU
2055	ISO:SE	SE	VU
5858	ISO:SE	SE	VU
888	ISO:SE	SE	VU
246	ISO:SE	SE	VU
100131	ISO:SE	SE	VU
1627	ISO:SE	SE	VU
211	ISO:SE	SE	VU
1593	ISO:SE	SE	VU
1669	ISO:SE	SE	VU
1591	ISO:SE	SE	VU
5879	ISO:SE	SE	VU
5906	ISO:SE	SE	VU
973	ISO:SE	SE	VU
1036	ISO:SE	SE	VU
1521	ISO:SE	SE	VU
2	ISO:SE	SE	VU
93	ISO:SE	SE	VU
98	ISO:SE	SE	VU
124	ISO:SE	SE	VU
129	ISO:SE	SE	VU
133	ISO:SE	SE	VU
134	ISO:SE	SE	VU
128	ISO:SE	SE	VU
1776	ISO:SE	SE	VU
1778	ISO:SE	SE	VU
213	ISO:SE	SE	VU
218	ISO:SE	SE	VU
274	ISO:SE	SE	VU
1027	ISO:SE	SE	VU
492	ISO:SE	SE	VU
6486	ISO:SE	SE	VU
355	ISO:SE	SE	VU
385	ISO:SE	SE	VU
1800	ISO:SE	SE	VU
498	ISO:SE	SE	VU
500	ISO:SE	SE	VU
501	ISO:SE	SE	VU
584	ISO:SE	SE	VU
637	ISO:SE	SE	VU
639	ISO:SE	SE	VU
1818	ISO:SE	SE	VU
734	ISO:SE	SE	VU
738	ISO:SE	SE	VU
1175	ISO:SE	SE	VU
772	ISO:SE	SE	VU
1114	ISO:SE	SE	VU
1929	ISO:SE	SE	VU
925	ISO:SE	SE	VU
927	ISO:SE	SE	VU
1914	ISO:SE	SE	VU
960	ISO:SE	SE	VU
963	ISO:SE	SE	VU
1927	ISO:SE	SE	VU
1916	ISO:SE	SE	VU
1922	ISO:SE	SE	VU
1042	ISO:SE	SE	VU
1816	ISO:SE	SE	VU
1144	ISO:SE	SE	VU
1232	ISO:SE	SE	VU
1230	ISO:SE	SE	VU
1249	ISO:SE	SE	VU
1824	ISO:SE	SE	VU
1298	ISO:SE	SE	VU
1322	ISO:SE	SE	VU
1349	ISO:SE	SE	VU
1350	ISO:SE	SE	VU
1351	ISO:SE	SE	VU
1812	ISO:SE	SE	VU
1461	ISO:SE	SE	VU
1468	ISO:SE	SE	VU
1469	ISO:SE	SE	VU
6471	ISO:SE	SE	VU
1516	ISO:SE	SE	VU
1555	ISO:SE	SE	VU
1557	ISO:SE	SE	VU
1642	ISO:SE	SE	VU
1827	ISO:SE	SE	VU
1284	ISO:SE	SE	VU
1660	ISO:SE	SE	VU
1658	ISO:SE	SE	VU
1656	ISO:SE	SE	VU
1934	ISO:SE	SE	VU
1931	ISO:SE	SE	VU
1262	ISO:SE	SE	VU
1013	ISO:SE	SE	VU
911	ISO:SE	SE	VU
626	ISO:SE	SE	VU
625	ISO:SE	SE	VU
619	ISO:SE	SE	VU
273	ISO:SE	SE	VU
259	ISO:SE	SE	VU
1495	ISO:SE	SE	VU
1363	ISO:SE	SE	VU
1241	ISO:SE	SE	VU
406	ISO:SE	SE	VU
50	ISO:SE	SE	VU
1361	ISO:SE	SE	VU
1644	ISO:SE	SE	VU
1885	ISO:SE	SE	VU
1281	ISO:SE	SE	VU
668	ISO:SE	SE	VU
62	ISO:SE	SE	VU
146	ISO:SE	SE	VU
853	ISO:SE	SE	VU
1575	ISO:SE	SE	VU
1576	ISO:SE	SE	VU
1935	ISO:SE	SE	VU
1906	ISO:SE	SE	VU
1907	ISO:SE	SE	VU
1879	ISO:SE	SE	VU
1396	ISO:SE	SE	VU
917	ISO:SE	SE	VU
232265	ISO:SE	SE	VU
1708	ISO:SE	SE	VU
217800	ISO:SE	SE	VU
217752	ISO:SE	SE	VU
214381	ISO:SE	SE	VU
215017	ISO:SE	SE	VU
1872	ISO:SE	SE	VU
225979	ISO:SE	SE	VU
577	ISO:SE	SE	VU
1932	ISO:SE	SE	VU
1910	ISO:SE	SE	VU
1662	ISO:SE	SE	VU
1955	ISO:SE	SE	VU
290	ISO:SE	SE	VU
1122	ISO:SE	SE	VU
1056	ISO:SE	SE	VU
140	ISO:SE	SE	VU
1282	ISO:SE	SE	VU
1683	ISO:SE	SE	VU
1005	ISO:SE	SE	VU
258	ISO:SE	SE	VU
1628	ISO:SE	SE	VU
1161	ISO:SE	SE	VU
1287	ISO:SE	SE	VU
1288	ISO:SE	SE	VU
268	ISO:SE	SE	VU
1463	ISO:SE	SE	VU
935	ISO:SE	SE	VU
783	ISO:SE	SE	VU
1856	ISO:SE	SE	VU
718	ISO:SE	SE	VU
16	ISO:SE	SE	VU
178	ISO:SE	SE	VU
522	ISO:SE	SE	VU
643	ISO:SE	SE	VU
978	ISO:SE	SE	VU
86	ISO:SE	SE	VU
1186	ISO:SE	SE	VU
1859	ISO:SE	SE	VU
1528	ISO:SE	SE	VU
778	ISO:SE	SE	VU
1368	ISO:SE	SE	VU
288	ISO:SE	SE	VU
696	ISO:SE	SE	VU
671	ISO:SE	SE	VU
942	ISO:SE	SE	VU
1523	ISO:SE	SE	VU
1562	ISO:SE	SE	VU
1652	ISO:SE	SE	VU
1654	ISO:SE	SE	VU
1450	ISO:SE	SE	VU
1889	ISO:SE	SE	VU
102852	ISO:SE	SE	VU
217691	ISO:SE	SE	VU
217694	ISO:SE	SE	VU
105025	ISO:SE	SE	VU
105066	ISO:SE	SE	VU
211273	ISO:SE	SE	VU
105331	ISO:SE	SE	VU
105363	ISO:SE	SE	VU
105825	ISO:SE	SE	VU
105850	ISO:SE	SE	VU
106013	ISO:SE	SE	VU
106025	ISO:SE	SE	VU
212751	ISO:SE	SE	VU
233795	ISO:SE	SE	VU
233796	ISO:SE	SE	VU
200684	ISO:SE	SE	VU
232165	ISO:SE	SE	VU
232183	ISO:SE	SE	VU
232185	ISO:SE	SE	VU
232163	ISO:SE	SE	VU
236175	ISO:SE	SE	VU
232161	ISO:SE	SE	VU
217683	ISO:SE	SE	VU
217722	ISO:SE	SE	VU
218291	ISO:SE	SE	VU
217847	ISO:SE	SE	VU
217860	ISO:SE	SE	VU
217861	ISO:SE	SE	VU
234263	ISO:SE	SE	VU
219080	ISO:SE	SE	VU
234261	ISO:SE	SE	VU
234258	ISO:SE	SE	VU
215822	ISO:SE	SE	VU
234287	ISO:SE	SE	VU
234568	ISO:SE	SE	VU
234597	ISO:SE	SE	VU
234697	ISO:SE	SE	VU
234732	ISO:SE	SE	VU
234852	ISO:SE	SE	VU
234909	ISO:SE	SE	VU
206299	ISO:SE	SE	VU
232231	ISO:SE	SE	VU
233191	ISO:SE	SE	VU
233196	ISO:SE	SE	VU
232140	ISO:SE	SE	VU
201280	ISO:SE	SE	VU
233204	ISO:SE	SE	VU
233497	ISO:SE	SE	VU
216147	ISO:SE	SE	VU
234311	ISO:SE	SE	VU
232921	ISO:SE	SE	VU
232923	ISO:SE	SE	VU
232918	ISO:SE	SE	VU
232914	ISO:SE	SE	VU
234341	ISO:SE	SE	VU
233194	ISO:SE	SE	VU
214338	ISO:SE	SE	VU
214343	ISO:SE	SE	VU
214530	ISO:SE	SE	VU
214630	ISO:SE	SE	VU
214733	ISO:SE	SE	VU
214755	ISO:SE	SE	VU
214759	ISO:SE	SE	VU
214762	ISO:SE	SE	VU
214849	ISO:SE	SE	VU
214907	ISO:SE	SE	VU
214964	ISO:SE	SE	VU
215274	ISO:SE	SE	VU
215322	ISO:SE	SE	VU
215323	ISO:SE	SE	VU
215411	ISO:SE	SE	VU
215432	ISO:SE	SE	VU
215744	ISO:SE	SE	VU
215826	ISO:SE	SE	VU
215949	ISO:SE	SE	VU
216246	ISO:SE	SE	VU
214260	ISO:SE	SE	VU
214390	ISO:SE	SE	VU
213904	ISO:SE	SE	VU
214039	ISO:SE	SE	VU
214205	ISO:SE	SE	VU
218048	ISO:SE	SE	VU
222361	ISO:SE	SE	VU
220204	ISO:SE	SE	VU
217842	ISO:SE	SE	VU
217845	ISO:SE	SE	VU
218394	ISO:SE	SE	VU
234237	ISO:SE	SE	VU
232138	ISO:SE	SE	VU
200883	ISO:SE	SE	VU
200897	ISO:SE	SE	VU
106596	ISO:SE	SE	VU
233209	ISO:SE	SE	VU
221660	ISO:SE	SE	VU
106769	ISO:SE	SE	VU
224417	ISO:SE	SE	VU
230644	ISO:SE	SE	VU
233218	ISO:SE	SE	VU
224145	ISO:SE	SE	VU
230558	ISO:SE	SE	VU
230679	ISO:SE	SE	VU
230656	ISO:SE	SE	VU
230571	ISO:SE	SE	VU
220571	ISO:SE	SE	VU
219955	ISO:SE	SE	VU
220711	ISO:SE	SE	VU
206281	ISO:SE	SE	VU
206140	ISO:SE	SE	VU
206259	ISO:SE	SE	VU
206183	ISO:SE	SE	VU
206142	ISO:SE	SE	VU
206143	ISO:SE	SE	VU
206144	ISO:SE	SE	VU
221940	ISO:SE	SE	VU
233035	ISO:SE	SE	VU
228430	ISO:SE	SE	VU
229755	ISO:SE	SE	VU
230393	ISO:SE	SE	VU
228428	ISO:SE	SE	VU
229558	ISO:SE	SE	VU
229227	ISO:SE	SE	VU
229799	ISO:SE	SE	VU
229038	ISO:SE	SE	VU
232136	ISO:SE	SE	VU
229579	ISO:SE	SE	VU
229651	ISO:SE	SE	VU
230554	ISO:SE	SE	VU
230552	ISO:SE	SE	VU
229569	ISO:SE	SE	VU
224913	ISO:SE	SE	VU
231497	ISO:SE	SE	VU
231568	ISO:SE	SE	VU
231604	ISO:SE	SE	VU
231615	ISO:SE	SE	VU
231645	ISO:SE	SE	VU
231668	ISO:SE	SE	VU
231692	ISO:SE	SE	VU
231722	ISO:SE	SE	VU
231727	ISO:SE	SE	VU
231787	ISO:SE	SE	VU
231818	ISO:SE	SE	VU
231823	ISO:SE	SE	VU
232013	ISO:SE	SE	VU
232044	ISO:SE	SE	VU
232047	ISO:SE	SE	VU
232060	ISO:SE	SE	VU
232104	ISO:SE	SE	VU
231190	ISO:SE	SE	VU
231191	ISO:SE	SE	VU
231216	ISO:SE	SE	VU
231221	ISO:SE	SE	VU
231228	ISO:SE	SE	VU
231232	ISO:SE	SE	VU
231234	ISO:SE	SE	VU
231236	ISO:SE	SE	VU
231238	ISO:SE	SE	VU
231239	ISO:SE	SE	VU
231243	ISO:SE	SE	VU
231250	ISO:SE	SE	VU
231256	ISO:SE	SE	VU
231264	ISO:SE	SE	VU
231269	ISO:SE	SE	VU
231288	ISO:SE	SE	VU
231289	ISO:SE	SE	VU
231291	ISO:SE	SE	VU
231307	ISO:SE	SE	VU
231312	ISO:SE	SE	VU
231324	ISO:SE	SE	VU
231326	ISO:SE	SE	VU
231345	ISO:SE	SE	VU
231350	ISO:SE	SE	VU
231352	ISO:SE	SE	VU
231359	ISO:SE	SE	VU
231363	ISO:SE	SE	VU
231364	ISO:SE	SE	VU
231365	ISO:SE	SE	VU
231366	ISO:SE	SE	VU
231370	ISO:SE	SE	VU
231371	ISO:SE	SE	VU
231372	ISO:SE	SE	VU
231374	ISO:SE	SE	VU
231375	ISO:SE	SE	VU
231376	ISO:SE	SE	VU
231386	ISO:SE	SE	VU
231387	ISO:SE	SE	VU
231391	ISO:SE	SE	VU
231394	ISO:SE	SE	VU
231397	ISO:SE	SE	VU
231407	ISO:SE	SE	VU
231409	ISO:SE	SE	VU
231413	ISO:SE	SE	VU
231414	ISO:SE	SE	VU
231417	ISO:SE	SE	VU
231421	ISO:SE	SE	VU
231425	ISO:SE	SE	VU
231430	ISO:SE	SE	VU
231435	ISO:SE	SE	VU
231446	ISO:SE	SE	VU
231449	ISO:SE	SE	VU
231451	ISO:SE	SE	VU
231456	ISO:SE	SE	VU
231461	ISO:SE	SE	VU
231468	ISO:SE	SE	VU
231231	ISO:SE	SE	VU
231266	ISO:SE	SE	VU
231267	ISO:SE	SE	VU
231280	ISO:SE	SE	VU
231339	ISO:SE	SE	VU
231434	ISO:SE	SE	VU
231463	ISO:SE	SE	VU
231480	ISO:SE	SE	VU
231484	ISO:SE	SE	VU
231494	ISO:SE	SE	VU
231531	ISO:SE	SE	VU
231548	ISO:SE	SE	VU
231550	ISO:SE	SE	VU
231569	ISO:SE	SE	VU
231576	ISO:SE	SE	VU
231599	ISO:SE	SE	VU
231631	ISO:SE	SE	VU
231634	ISO:SE	SE	VU
231677	ISO:SE	SE	VU
231737	ISO:SE	SE	VU
231742	ISO:SE	SE	VU
231790	ISO:SE	SE	VU
231796	ISO:SE	SE	VU
231826	ISO:SE	SE	VU
231864	ISO:SE	SE	VU
231937	ISO:SE	SE	VU
231944	ISO:SE	SE	VU
231951	ISO:SE	SE	VU
231982	ISO:SE	SE	VU
231985	ISO:SE	SE	VU
232002	ISO:SE	SE	VU
232008	ISO:SE	SE	VU
232040	ISO:SE	SE	VU
232052	ISO:SE	SE	VU
232056	ISO:SE	SE	VU
232064	ISO:SE	SE	VU
232071	ISO:SE	SE	VU
232111	ISO:SE	SE	VU
232112	ISO:SE	SE	VU
232118	ISO:SE	SE	VU
232120	ISO:SE	SE	VU
224047	ISO:SE	SE	VU
222356	ISO:SE	SE	VU
220897	ISO:SE	SE	VU
232144	ISO:SE	SE	VU
244701	ISO:SE	SE	VU
244175	ISO:SE	SE	VU
239927	ISO:SE	SE	VU
240282	ISO:SE	SE	VU
241027	ISO:SE	SE	VU
243671	ISO:SE	SE	VU
249902	ISO:SE	SE	VU
252386	ISO:SE	SE	VU
248942	ISO:SE	SE	VU
249240	ISO:SE	SE	VU
256335	ISO:SE	SE	VU
256842	ISO:SE	SE	VU
6002934	ISO:SE	SE	VU
251452	ISO:SE	SE	VU
245507	ISO:SE	SE	VU
248933	ISO:SE	SE	VU
249227	ISO:SE	SE	VU
249232	ISO:SE	SE	VU
249236	ISO:SE	SE	VU
249241	ISO:SE	SE	VU
248318	ISO:SE	SE	VU
259813	ISO:SE	SE	VU
236240	ISO:SE	SE	VU
248934	ISO:SE	SE	VU
249246	ISO:SE	SE	VU
249248	ISO:SE	SE	VU
248935	ISO:SE	SE	VU
249237	ISO:SE	SE	VU
241747	ISO:SE	SE	VU
248952	ISO:SE	SE	VU
249310	ISO:SE	SE	VU
264414	ISO:SE	SE	VU
249379	ISO:SE	SE	VU
262707	ISO:SE	SE	VU
248939	ISO:SE	SE	VU
252387	ISO:SE	SE	VU
259083	ISO:SE	SE	VU
264959	ISO:SE	SE	VU
244009	ISO:SE	SE	VU
244090	ISO:SE	SE	VU
260351	ISO:SE	SE	VU
248749	ISO:SE	SE	VU
245031	ISO:SE	SE	VU
245044	ISO:SE	SE	VU
257108	ISO:SE	SE	VU
6003296	ISO:SE	SE	VU
6003229	ISO:SE	SE	VU
6003116	ISO:SE	SE	VU
6003298	ISO:SE	SE	VU
267005	ISO:SE	SE	VU
260364	ISO:SE	SE	VU
251279	ISO:SE	SE	VU
251310	ISO:SE	SE	VU
251464	ISO:SE	SE	VU
251899	ISO:SE	SE	VU
251276	ISO:SE	SE	VU
251277	ISO:SE	SE	VU
251462	ISO:SE	SE	VU
251811	ISO:SE	SE	VU
266126	ISO:SE	SE	VU
266128	ISO:SE	SE	VU
266130	ISO:SE	SE	VU
266134	ISO:SE	SE	VU
266140	ISO:SE	SE	VU
248968	ISO:SE	SE	VU
6003235	ISO:SE	SE	VU
250165	ISO:SE	SE	VU
250164	ISO:SE	SE	VU
6003117	ISO:SE	SE	VU
6005228	ISO:SE	SE	VU
6003297	ISO:SE	SE	VU
100057	ISO:SE	SE	VU
100957	ISO:SE	SE	VU
100176	ISO:SE	SE	VU
102234	ISO:SE	SE	NT
620	ISO:SE	SE	NT
1124	ISO:SE	SE	NT
101383	ISO:SE	SE	NT
101977	ISO:SE	SE	NT
101148	ISO:SE	SE	NT
102601	ISO:SE	SE	NT
101785	ISO:SE	SE	NT
101063	ISO:SE	SE	NT
101707	ISO:SE	SE	NT
102881	ISO:SE	SE	NT
102883	ISO:SE	SE	NT
100648	ISO:SE	SE	NT
1174	ISO:SE	SE	NT
101298	ISO:SE	SE	NT
101070	ISO:SE	SE	NT
100145	ISO:SE	SE	NT
101260	ISO:SE	SE	NT
100679	ISO:SE	SE	NT
101242	ISO:SE	SE	NT
101509	ISO:SE	SE	NT
1664	ISO:SE	SE	NT
172	ISO:SE	SE	NT
1448	ISO:SE	SE	NT
475	ISO:SE	SE	NT
1332	ISO:SE	SE	NT
84	ISO:SE	SE	NT
1263	ISO:SE	SE	NT
1605	ISO:SE	SE	NT
261	ISO:SE	SE	NT
1002	ISO:SE	SE	NT
233	ISO:SE	SE	NT
980	ISO:SE	SE	NT
743	ISO:SE	SE	NT
756	ISO:SE	SE	NT
530	ISO:SE	SE	NT
1025	ISO:SE	SE	NT
581	ISO:SE	SE	NT
100077	ISO:SE	SE	NT
100013	ISO:SE	SE	NT
100320	ISO:SE	SE	NT
102919	ISO:SE	SE	NT
101994	ISO:SE	SE	NT
101850	ISO:SE	SE	NT
101479	ISO:SE	SE	NT
101461	ISO:SE	SE	NT
101967	ISO:SE	SE	NT
101966	ISO:SE	SE	NT
100109	ISO:SE	SE	NT
100049	ISO:SE	SE	NT
100136	ISO:SE	SE	NT
100134	ISO:SE	SE	NT
100061	ISO:SE	SE	NT
100044	ISO:SE	SE	NT
100054	ISO:SE	SE	NT
100011	ISO:SE	SE	NT
100034	ISO:SE	SE	NT
100067	ISO:SE	SE	NT
100100	ISO:SE	SE	NT
100018	ISO:SE	SE	NT
100063	ISO:SE	SE	NT
102630	ISO:SE	SE	NT
100871	ISO:SE	SE	NT
100874	ISO:SE	SE	NT
101527	ISO:SE	SE	NT
100470	ISO:SE	SE	NT
100472	ISO:SE	SE	NT
102196	ISO:SE	SE	NT
101165	ISO:SE	SE	NT
100210	ISO:SE	SE	NT
100213	ISO:SE	SE	NT
102163	ISO:SE	SE	NT
103450	ISO:SE	SE	NT
100620	ISO:SE	SE	NT
100439	ISO:SE	SE	NT
101462	ISO:SE	SE	NT
102318	ISO:SE	SE	NT
101046	ISO:SE	SE	NT
101048	ISO:SE	SE	NT
101049	ISO:SE	SE	NT
101052	ISO:SE	SE	NT
101053	ISO:SE	SE	NT
102261	ISO:SE	SE	NT
102263	ISO:SE	SE	NT
102265	ISO:SE	SE	NT
102266	ISO:SE	SE	NT
102224	ISO:SE	SE	NT
101521	ISO:SE	SE	NT
101157	ISO:SE	SE	NT
101705	ISO:SE	SE	NT
102331	ISO:SE	SE	NT
100878	ISO:SE	SE	NT
102308	ISO:SE	SE	NT
102273	ISO:SE	SE	NT
102274	ISO:SE	SE	NT
103728	ISO:SE	SE	NT
101505	ISO:SE	SE	NT
101093	ISO:SE	SE	NT
101094	ISO:SE	SE	NT
103783	ISO:SE	SE	NT
103787	ISO:SE	SE	NT
100149	ISO:SE	SE	NT
101602	ISO:SE	SE	NT
101603	ISO:SE	SE	NT
100179	ISO:SE	SE	NT
101000	ISO:SE	SE	NT
103811	ISO:SE	SE	NT
103814	ISO:SE	SE	NT
101595	ISO:SE	SE	NT
103823	ISO:SE	SE	NT
101596	ISO:SE	SE	NT
101071	ISO:SE	SE	NT
101088	ISO:SE	SE	NT
101548	ISO:SE	SE	NT
101665	ISO:SE	SE	NT
102315	ISO:SE	SE	NT
104095	ISO:SE	SE	NT
101701	ISO:SE	SE	NT
100893	ISO:SE	SE	NT
104032	ISO:SE	SE	NT
101756	ISO:SE	SE	NT
104017	ISO:SE	SE	NT
100931	ISO:SE	SE	NT
101332	ISO:SE	SE	NT
101825	ISO:SE	SE	NT
101393	ISO:SE	SE	NT
100196	ISO:SE	SE	NT
100195	ISO:SE	SE	NT
100194	ISO:SE	SE	NT
100193	ISO:SE	SE	NT
101218	ISO:SE	SE	NT
104053	ISO:SE	SE	NT
101693	ISO:SE	SE	NT
104144	ISO:SE	SE	NT
101694	ISO:SE	SE	NT
101431	ISO:SE	SE	NT
101434	ISO:SE	SE	NT
101837	ISO:SE	SE	NT
101840	ISO:SE	SE	NT
101846	ISO:SE	SE	NT
104316	ISO:SE	SE	NT
102242	ISO:SE	SE	NT
101600	ISO:SE	SE	NT
100492	ISO:SE	SE	NT
100546	ISO:SE	SE	NT
101899	ISO:SE	SE	NT
101267	ISO:SE	SE	NT
104447	ISO:SE	SE	NT
104446	ISO:SE	SE	NT
101640	ISO:SE	SE	NT
101038	ISO:SE	SE	NT
100661	ISO:SE	SE	NT
101924	ISO:SE	SE	NT
104480	ISO:SE	SE	NT
104488	ISO:SE	SE	NT
101448	ISO:SE	SE	NT
101449	ISO:SE	SE	NT
101243	ISO:SE	SE	NT
104574	ISO:SE	SE	NT
101880	ISO:SE	SE	NT
100232	ISO:SE	SE	NT
100233	ISO:SE	SE	NT
101511	ISO:SE	SE	NT
101903	ISO:SE	SE	NT
101524	ISO:SE	SE	NT
101004	ISO:SE	SE	NT
101145	ISO:SE	SE	NT
101414	ISO:SE	SE	NT
101911	ISO:SE	SE	NT
102160	ISO:SE	SE	NT
100415	ISO:SE	SE	NT
101417	ISO:SE	SE	NT
100234	ISO:SE	SE	NT
101893	ISO:SE	SE	NT
100498	ISO:SE	SE	NT
101821	ISO:SE	SE	NT
100191	ISO:SE	SE	NT
101581	ISO:SE	SE	NT
100781	ISO:SE	SE	NT
100782	ISO:SE	SE	NT
100332	ISO:SE	SE	NT
100333	ISO:SE	SE	NT
102176	ISO:SE	SE	NT
101066	ISO:SE	SE	NT
100817	ISO:SE	SE	NT
101453	ISO:SE	SE	NT
101456	ISO:SE	SE	NT
101002	ISO:SE	SE	NT
101738	ISO:SE	SE	NT
100216	ISO:SE	SE	NT
100219	ISO:SE	SE	NT
100221	ISO:SE	SE	NT
100222	ISO:SE	SE	NT
102159	ISO:SE	SE	NT
100821	ISO:SE	SE	NT
100823	ISO:SE	SE	NT
101608	ISO:SE	SE	NT
102348	ISO:SE	SE	NT
100798	ISO:SE	SE	NT
100808	ISO:SE	SE	NT
100260	ISO:SE	SE	NT
100261	ISO:SE	SE	NT
100267	ISO:SE	SE	NT
100269	ISO:SE	SE	NT
102003	ISO:SE	SE	NT
100278	ISO:SE	SE	NT
101265	ISO:SE	SE	NT
101266	ISO:SE	SE	NT
101929	ISO:SE	SE	NT
100997	ISO:SE	SE	NT
100998	ISO:SE	SE	NT
102250	ISO:SE	SE	NT
101032	ISO:SE	SE	NT
100297	ISO:SE	SE	NT
100298	ISO:SE	SE	NT
101991	ISO:SE	SE	NT
101993	ISO:SE	SE	NT
102358	ISO:SE	SE	NT
101816	ISO:SE	SE	NT
100296	ISO:SE	SE	NT
101254	ISO:SE	SE	NT
100322	ISO:SE	SE	NT
101553	ISO:SE	SE	NT
101520	ISO:SE	SE	NT
100524	ISO:SE	SE	NT
101463	ISO:SE	SE	NT
100916	ISO:SE	SE	NT
101291	ISO:SE	SE	NT
101293	ISO:SE	SE	NT
101297	ISO:SE	SE	NT
102300	ISO:SE	SE	NT
100772	ISO:SE	SE	NT
101710	ISO:SE	SE	NT
100752	ISO:SE	SE	NT
100753	ISO:SE	SE	NT
100421	ISO:SE	SE	NT
100422	ISO:SE	SE	NT
100423	ISO:SE	SE	NT
100424	ISO:SE	SE	NT
100429	ISO:SE	SE	NT
102354	ISO:SE	SE	NT
101209	ISO:SE	SE	NT
101250	ISO:SE	SE	NT
101251	ISO:SE	SE	NT
101758	ISO:SE	SE	NT
100896	ISO:SE	SE	NT
100898	ISO:SE	SE	NT
102237	ISO:SE	SE	NT
100838	ISO:SE	SE	NT
100650	ISO:SE	SE	NT
101352	ISO:SE	SE	NT
101353	ISO:SE	SE	NT
101356	ISO:SE	SE	NT
101142	ISO:SE	SE	NT
102289	ISO:SE	SE	NT
102152	ISO:SE	SE	NT
101642	ISO:SE	SE	NT
100308	ISO:SE	SE	NT
100309	ISO:SE	SE	NT
100311	ISO:SE	SE	NT
100310	ISO:SE	SE	NT
100312	ISO:SE	SE	NT
101303	ISO:SE	SE	NT
101950	ISO:SE	SE	NT
100236	ISO:SE	SE	NT
101350	ISO:SE	SE	NT
100713	ISO:SE	SE	NT
100715	ISO:SE	SE	NT
101525	ISO:SE	SE	NT
101347	ISO:SE	SE	NT
102309	ISO:SE	SE	NT
102310	ISO:SE	SE	NT
101465	ISO:SE	SE	NT
102322	ISO:SE	SE	NT
101131	ISO:SE	SE	NT
102016	ISO:SE	SE	NT
100655	ISO:SE	SE	NT
100657	ISO:SE	SE	NT
102212	ISO:SE	SE	NT
100899	ISO:SE	SE	NT
101629	ISO:SE	SE	NT
101920	ISO:SE	SE	NT
101410	ISO:SE	SE	NT
101704	ISO:SE	SE	NT
100974	ISO:SE	SE	NT
100165	ISO:SE	SE	NT
100304	ISO:SE	SE	NT
101859	ISO:SE	SE	NT
101199	ISO:SE	SE	NT
100572	ISO:SE	SE	NT
101423	ISO:SE	SE	NT
102204	ISO:SE	SE	NT
101690	ISO:SE	SE	NT
102004	ISO:SE	SE	NT
102005	ISO:SE	SE	NT
100276	ISO:SE	SE	NT
101312	ISO:SE	SE	NT
100275	ISO:SE	SE	NT
100155	ISO:SE	SE	NT
100975	ISO:SE	SE	NT
101728	ISO:SE	SE	NT
101422	ISO:SE	SE	NT
101892	ISO:SE	SE	NT
100852	ISO:SE	SE	NT
101586	ISO:SE	SE	NT
101154	ISO:SE	SE	NT
101155	ISO:SE	SE	NT
100734	ISO:SE	SE	NT
100736	ISO:SE	SE	NT
100737	ISO:SE	SE	NT
100741	ISO:SE	SE	NT
100638	ISO:SE	SE	NT
102210	ISO:SE	SE	NT
100986	ISO:SE	SE	NT
100342	ISO:SE	SE	NT
101235	ISO:SE	SE	NT
101236	ISO:SE	SE	NT
101237	ISO:SE	SE	NT
101238	ISO:SE	SE	NT
101240	ISO:SE	SE	NT
102291	ISO:SE	SE	NT
102295	ISO:SE	SE	NT
102296	ISO:SE	SE	NT
100819	ISO:SE	SE	NT
101660	ISO:SE	SE	NT
101661	ISO:SE	SE	NT
101664	ISO:SE	SE	NT
100555	ISO:SE	SE	NT
100556	ISO:SE	SE	NT
100557	ISO:SE	SE	NT
102355	ISO:SE	SE	NT
102236	ISO:SE	SE	NT
101593	ISO:SE	SE	NT
102172	ISO:SE	SE	NT
100629	ISO:SE	SE	NT
100594	ISO:SE	SE	NT
100590	ISO:SE	SE	NT
100585	ISO:SE	SE	NT
100584	ISO:SE	SE	NT
102546	ISO:SE	SE	NT
100593	ISO:SE	SE	NT
101926	ISO:SE	SE	NT
100600	ISO:SE	SE	NT
100597	ISO:SE	SE	NT
100589	ISO:SE	SE	NT
100582	ISO:SE	SE	NT
100580	ISO:SE	SE	NT
100579	ISO:SE	SE	NT
100455	ISO:SE	SE	NT
100454	ISO:SE	SE	NT
100154	ISO:SE	SE	NT
100152	ISO:SE	SE	NT
101201	ISO:SE	SE	NT
100506	ISO:SE	SE	NT
101638	ISO:SE	SE	NT
101551	ISO:SE	SE	NT
101550	ISO:SE	SE	NT
101549	ISO:SE	SE	NT
102707	ISO:SE	SE	NT
102706	ISO:SE	SE	NT
102190	ISO:SE	SE	NT
102189	ISO:SE	SE	NT
100449	ISO:SE	SE	NT
100448	ISO:SE	SE	NT
100447	ISO:SE	SE	NT
100444	ISO:SE	SE	NT
101117	ISO:SE	SE	NT
101113	ISO:SE	SE	NT
101009	ISO:SE	SE	NT
102290	ISO:SE	SE	NT
101224	ISO:SE	SE	NT
102345	ISO:SE	SE	NT
102353	ISO:SE	SE	NT
101917	ISO:SE	SE	NT
101916	ISO:SE	SE	NT
101915	ISO:SE	SE	NT
101914	ISO:SE	SE	NT
101015	ISO:SE	SE	NT
101014	ISO:SE	SE	NT
101013	ISO:SE	SE	NT
101270	ISO:SE	SE	NT
101714	ISO:SE	SE	NT
100318	ISO:SE	SE	NT
101776	ISO:SE	SE	NT
101775	ISO:SE	SE	NT
101944	ISO:SE	SE	NT
101941	ISO:SE	SE	NT
101940	ISO:SE	SE	NT
101796	ISO:SE	SE	NT
101795	ISO:SE	SE	NT
101794	ISO:SE	SE	NT
100920	ISO:SE	SE	NT
101938	ISO:SE	SE	NT
101937	ISO:SE	SE	NT
101988	ISO:SE	SE	NT
102325	ISO:SE	SE	NT
101745	ISO:SE	SE	NT
102206	ISO:SE	SE	NT
100547	ISO:SE	SE	NT
101105	ISO:SE	SE	NT
100368	ISO:SE	SE	NT
102183	ISO:SE	SE	NT
100360	ISO:SE	SE	NT
100351	ISO:SE	SE	NT
100347	ISO:SE	SE	NT
100355	ISO:SE	SE	NT
100366	ISO:SE	SE	NT
102179	ISO:SE	SE	NT
100357	ISO:SE	SE	NT
100361	ISO:SE	SE	NT
100861	ISO:SE	SE	NT
102531	ISO:SE	SE	NT
100573	ISO:SE	SE	NT
102557	ISO:SE	SE	NT
100525	ISO:SE	SE	NT
102527	ISO:SE	SE	NT
102091	ISO:SE	SE	NT
101654	ISO:SE	SE	NT
102841	ISO:SE	SE	NT
101035	ISO:SE	SE	NT
101641	ISO:SE	SE	NT
101958	ISO:SE	SE	NT
101956	ISO:SE	SE	NT
100294	ISO:SE	SE	NT
101019	ISO:SE	SE	NT
101817	ISO:SE	SE	NT
101012	ISO:SE	SE	NT
100717	ISO:SE	SE	NT
101263	ISO:SE	SE	NT
102627	ISO:SE	SE	NT
101445	ISO:SE	SE	NT
101555	ISO:SE	SE	NT
101870	ISO:SE	SE	NT
2098	ISO:SE	SE	NT
2192	ISO:SE	SE	NT
101605	ISO:SE	SE	NT
102552	ISO:SE	SE	NT
102554	ISO:SE	SE	NT
102555	ISO:SE	SE	NT
102556	ISO:SE	SE	NT
102853	ISO:SE	SE	NT
102863	ISO:SE	SE	NT
102866	ISO:SE	SE	NT
102867	ISO:SE	SE	NT
102564	ISO:SE	SE	NT
102565	ISO:SE	SE	NT
102567	ISO:SE	SE	NT
101722	ISO:SE	SE	NT
100458	ISO:SE	SE	NT
100459	ISO:SE	SE	NT
100904	ISO:SE	SE	NT
102656	ISO:SE	SE	NT
102657	ISO:SE	SE	NT
101074	ISO:SE	SE	NT
100437	ISO:SE	SE	NT
101475	ISO:SE	SE	NT
101476	ISO:SE	SE	NT
100254	ISO:SE	SE	NT
100404	ISO:SE	SE	NT
101451	ISO:SE	SE	NT
101779	ISO:SE	SE	NT
100993	ISO:SE	SE	NT
100381	ISO:SE	SE	NT
100989	ISO:SE	SE	NT
101766	ISO:SE	SE	NT
101818	ISO:SE	SE	NT
100960	ISO:SE	SE	NT
101152	ISO:SE	SE	NT
102075	ISO:SE	SE	NT
102065	ISO:SE	SE	NT
102022	ISO:SE	SE	NT
102023	ISO:SE	SE	NT
102025	ISO:SE	SE	NT
102057	ISO:SE	SE	NT
102049	ISO:SE	SE	NT
102001	ISO:SE	SE	NT
100941	ISO:SE	SE	NT
102099	ISO:SE	SE	NT
100790	ISO:SE	SE	NT
101083	ISO:SE	SE	NT
101876	ISO:SE	SE	NT
101389	ISO:SE	SE	NT
101062	ISO:SE	SE	NT
101504	ISO:SE	SE	NT
100256	ISO:SE	SE	NT
100258	ISO:SE	SE	NT
102874	ISO:SE	SE	NT
102873	ISO:SE	SE	NT
102744	ISO:SE	SE	NT
100569	ISO:SE	SE	NT
100388	ISO:SE	SE	NT
100390	ISO:SE	SE	NT
102602	ISO:SE	SE	NT
102571	ISO:SE	SE	NT
102572	ISO:SE	SE	NT
100396	ISO:SE	SE	NT
102578	ISO:SE	SE	NT
100251	ISO:SE	SE	NT
100607	ISO:SE	SE	NT
102582	ISO:SE	SE	NT
102017	ISO:SE	SE	NT
101543	ISO:SE	SE	NT
102583	ISO:SE	SE	NT
101494	ISO:SE	SE	NT
101902	ISO:SE	SE	NT
102006	ISO:SE	SE	NT
101103	ISO:SE	SE	NT
101104	ISO:SE	SE	NT
103088	ISO:SE	SE	NT
103092	ISO:SE	SE	NT
526	ISO:SE	SE	NT
1846	ISO:SE	SE	NT
100977	ISO:SE	SE	NT
101149	ISO:SE	SE	NT
101277	ISO:SE	SE	NT
101617	ISO:SE	SE	NT
101644	ISO:SE	SE	NT
102586	ISO:SE	SE	NT
2786	ISO:SE	SE	NT
53	ISO:SE	SE	NT
6130	ISO:SE	SE	NT
102661	ISO:SE	SE	NT
101480	ISO:SE	SE	NT
101786	ISO:SE	SE	NT
101788	ISO:SE	SE	NT
102889	ISO:SE	SE	NT
102890	ISO:SE	SE	NT
102886	ISO:SE	SE	NT
101435	ISO:SE	SE	NT
100880	ISO:SE	SE	NT
101768	ISO:SE	SE	NT
533	ISO:SE	SE	NT
534	ISO:SE	SE	NT
382	ISO:SE	SE	NT
493	ISO:SE	SE	NT
495	ISO:SE	SE	NT
968	ISO:SE	SE	NT
344	ISO:SE	SE	NT
1200	ISO:SE	SE	NT
1326	ISO:SE	SE	NT
1573	ISO:SE	SE	NT
549	ISO:SE	SE	NT
1648	ISO:SE	SE	NT
1649	ISO:SE	SE	NT
588	ISO:SE	SE	NT
2251	ISO:SE	SE	NT
1233	ISO:SE	SE	NT
191	ISO:SE	SE	NT
192	ISO:SE	SE	NT
200	ISO:SE	SE	NT
2296	ISO:SE	SE	NT
1376	ISO:SE	SE	NT
1132	ISO:SE	SE	NT
1139	ISO:SE	SE	NT
1684	ISO:SE	SE	NT
1479	ISO:SE	SE	NT
722	ISO:SE	SE	NT
726	ISO:SE	SE	NT
728	ISO:SE	SE	NT
782	ISO:SE	SE	NT
1318	ISO:SE	SE	NT
1517	ISO:SE	SE	NT
1550	ISO:SE	SE	NT
1078	ISO:SE	SE	NT
1080	ISO:SE	SE	NT
349	ISO:SE	SE	NT
1381	ISO:SE	SE	NT
635	ISO:SE	SE	NT
966	ISO:SE	SE	NT
1313	ISO:SE	SE	NT
811	ISO:SE	SE	NT
1247	ISO:SE	SE	NT
1512	ISO:SE	SE	NT
88	ISO:SE	SE	NT
230	ISO:SE	SE	NT
231	ISO:SE	SE	NT
291	ISO:SE	SE	NT
398	ISO:SE	SE	NT
54	ISO:SE	SE	NT
991	ISO:SE	SE	NT
993	ISO:SE	SE	NT
1841	ISO:SE	SE	NT
1842	ISO:SE	SE	NT
1040	ISO:SE	SE	NT
759	ISO:SE	SE	NT
100770	ISO:SE	SE	NT
102923	ISO:SE	SE	NT
101732	ISO:SE	SE	NT
102430	ISO:SE	SE	NT
101055	ISO:SE	SE	NT
101762	ISO:SE	SE	NT
100684	ISO:SE	SE	NT
100688	ISO:SE	SE	NT
102400	ISO:SE	SE	NT
102401	ISO:SE	SE	NT
102504	ISO:SE	SE	NT
102453	ISO:SE	SE	NT
102380	ISO:SE	SE	NT
102413	ISO:SE	SE	NT
102498	ISO:SE	SE	NT
101335	ISO:SE	SE	NT
101029	ISO:SE	SE	NT
102443	ISO:SE	SE	NT
100284	ISO:SE	SE	NT
100667	ISO:SE	SE	NT
101400	ISO:SE	SE	NT
101774	ISO:SE	SE	NT
100886	ISO:SE	SE	NT
2583	ISO:SE	SE	NT
102646	ISO:SE	SE	NT
3086	ISO:SE	SE	NT
26	ISO:SE	SE	NT
4745	ISO:SE	SE	NT
1519	ISO:SE	SE	NT
5449	ISO:SE	SE	NT
1206	ISO:SE	SE	NT
5754	ISO:SE	SE	NT
5734	ISO:SE	SE	NT
1072	ISO:SE	SE	NT
3193	ISO:SE	SE	NT
4962	ISO:SE	SE	NT
2019	ISO:SE	SE	NT
821	ISO:SE	SE	NT
799	ISO:SE	SE	NT
953	ISO:SE	SE	NT
102440	ISO:SE	SE	NT
1355	ISO:SE	SE	NT
1202	ISO:SE	SE	NT
102427	ISO:SE	SE	NT
2590	ISO:SE	SE	NT
2534	ISO:SE	SE	NT
2508	ISO:SE	SE	NT
2407	ISO:SE	SE	NT
2294	ISO:SE	SE	NT
2231	ISO:SE	SE	NT
100831	ISO:SE	SE	NT
100473	ISO:SE	SE	NT
100733	ISO:SE	SE	NT
100527	ISO:SE	SE	NT
102409	ISO:SE	SE	NT
102922	ISO:SE	SE	NT
589	ISO:SE	SE	NT
834	ISO:SE	SE	NT
4075	ISO:SE	SE	NT
4070	ISO:SE	SE	NT
5589	ISO:SE	SE	NT
1446	ISO:SE	SE	NT
1081	ISO:SE	SE	NT
477	ISO:SE	SE	NT
803	ISO:SE	SE	NT
4381	ISO:SE	SE	NT
970	ISO:SE	SE	NT
3690	ISO:SE	SE	NT
3658	ISO:SE	SE	NT
612	ISO:SE	SE	NT
606	ISO:SE	SE	NT
4201	ISO:SE	SE	NT
100725	ISO:SE	SE	NT
1730	ISO:SE	SE	NT
1089	ISO:SE	SE	NT
1088	ISO:SE	SE	NT
1086	ISO:SE	SE	NT
333	ISO:SE	SE	NT
331	ISO:SE	SE	NT
329	ISO:SE	SE	NT
101030	ISO:SE	SE	NT
100392	ISO:SE	SE	NT
101060	ISO:SE	SE	NT
100668	ISO:SE	SE	NT
102403	ISO:SE	SE	NT
102393	ISO:SE	SE	NT
102499	ISO:SE	SE	NT
100673	ISO:SE	SE	NT
102367	ISO:SE	SE	NT
100161	ISO:SE	SE	NT
102361	ISO:SE	SE	NT
100849	ISO:SE	SE	NT
102381	ISO:SE	SE	NT
100438	ISO:SE	SE	NT
100895	ISO:SE	SE	NT
102432	ISO:SE	SE	NT
102433	ISO:SE	SE	NT
100932	ISO:SE	SE	NT
102436	ISO:SE	SE	NT
100279	ISO:SE	SE	NT
100280	ISO:SE	SE	NT
101501	ISO:SE	SE	NT
100825	ISO:SE	SE	NT
101166	ISO:SE	SE	NT
100464	ISO:SE	SE	NT
102462	ISO:SE	SE	NT
101493	ISO:SE	SE	NT
101669	ISO:SE	SE	NT
102488	ISO:SE	SE	NT
102359	ISO:SE	SE	NT
100167	ISO:SE	SE	NT
100370	ISO:SE	SE	NT
100938	ISO:SE	SE	NT
102384	ISO:SE	SE	NT
102493	ISO:SE	SE	NT
101375	ISO:SE	SE	NT
102463	ISO:SE	SE	NT
101724	ISO:SE	SE	NT
100230	ISO:SE	SE	NT
101134	ISO:SE	SE	NT
101256	ISO:SE	SE	NT
101978	ISO:SE	SE	NT
100723	ISO:SE	SE	NT
101530	ISO:SE	SE	NT
101531	ISO:SE	SE	NT
101532	ISO:SE	SE	NT
100946	ISO:SE	SE	NT
100948	ISO:SE	SE	NT
100949	ISO:SE	SE	NT
101925	ISO:SE	SE	NT
102366	ISO:SE	SE	NT
102018	ISO:SE	SE	NT
102019	ISO:SE	SE	NT
102020	ISO:SE	SE	NT
102021	ISO:SE	SE	NT
101737	ISO:SE	SE	NT
101252	ISO:SE	SE	NT
101309	ISO:SE	SE	NT
101086	ISO:SE	SE	NT
101763	ISO:SE	SE	NT
102449	ISO:SE	SE	NT
101365	ISO:SE	SE	NT
101366	ISO:SE	SE	NT
101769	ISO:SE	SE	NT
100924	ISO:SE	SE	NT
102372	ISO:SE	SE	NT
102373	ISO:SE	SE	NT
102414	ISO:SE	SE	NT
102419	ISO:SE	SE	NT
102486	ISO:SE	SE	NT
102505	ISO:SE	SE	NT
102511	ISO:SE	SE	NT
102512	ISO:SE	SE	NT
102513	ISO:SE	SE	NT
100883	ISO:SE	SE	NT
102455	ISO:SE	SE	NT
101136	ISO:SE	SE	NT
101735	ISO:SE	SE	NT
102468	ISO:SE	SE	NT
102508	ISO:SE	SE	NT
102473	ISO:SE	SE	NT
100169	ISO:SE	SE	NT
102008	ISO:SE	SE	NT
102451	ISO:SE	SE	NT
3611	ISO:SE	SE	NT
3739	ISO:SE	SE	NT
474	ISO:SE	SE	NT
473	ISO:SE	SE	NT
471	ISO:SE	SE	NT
465	ISO:SE	SE	NT
460	ISO:SE	SE	NT
450	ISO:SE	SE	NT
444	ISO:SE	SE	NT
443	ISO:SE	SE	NT
440	ISO:SE	SE	NT
101932	ISO:SE	SE	NT
253	ISO:SE	SE	NT
1971	ISO:SE	SE	NT
241	ISO:SE	SE	NT
239	ISO:SE	SE	NT
101421	ISO:SE	SE	NT
102653	ISO:SE	SE	NT
100091	ISO:SE	SE	NT
630	ISO:SE	SE	NT
1884	ISO:SE	SE	NT
174	ISO:SE	SE	NT
5442	ISO:SE	SE	NT
2008	ISO:SE	SE	NT
100048	ISO:SE	SE	NT
1957	ISO:SE	SE	NT
3277	ISO:SE	SE	NT
1961	ISO:SE	SE	NT
100633	ISO:SE	SE	NT
101010	ISO:SE	SE	NT
101195	ISO:SE	SE	NT
371	ISO:SE	SE	NT
363	ISO:SE	SE	NT
361	ISO:SE	SE	NT
359	ISO:SE	SE	NT
238	ISO:SE	SE	NT
237	ISO:SE	SE	NT
235	ISO:SE	SE	NT
234	ISO:SE	SE	NT
100804	ISO:SE	SE	NT
100610	ISO:SE	SE	NT
101168	ISO:SE	SE	NT
100647	ISO:SE	SE	NT
101912	ISO:SE	SE	NT
100401	ISO:SE	SE	NT
220	ISO:SE	SE	NT
366	ISO:SE	SE	NT
1963	ISO:SE	SE	NT
73	ISO:SE	SE	NT
3100	ISO:SE	SE	NT
1968	ISO:SE	SE	NT
159	ISO:SE	SE	NT
151	ISO:SE	SE	NT
572	ISO:SE	SE	NT
3815	ISO:SE	SE	NT
506	ISO:SE	SE	NT
3836	ISO:SE	SE	NT
944	ISO:SE	SE	NT
101587	ISO:SE	SE	NT
101923	ISO:SE	SE	NT
658	ISO:SE	SE	NT
101522	ISO:SE	SE	NT
102655	ISO:SE	SE	NT
3946	ISO:SE	SE	NT
3952	ISO:SE	SE	NT
3984	ISO:SE	SE	NT
2002	ISO:SE	SE	NT
517	ISO:SE	SE	NT
100840	ISO:SE	SE	NT
100009	ISO:SE	SE	NT
102109	ISO:SE	SE	NT
100124	ISO:SE	SE	NT
102122	ISO:SE	SE	NT
103076	ISO:SE	SE	NT
103077	ISO:SE	SE	NT
100003	ISO:SE	SE	NT
100108	ISO:SE	SE	NT
100090	ISO:SE	SE	NT
2942	ISO:SE	SE	NT
2927	ISO:SE	SE	NT
2975	ISO:SE	SE	NT
41	ISO:SE	SE	NT
39	ISO:SE	SE	NT
37	ISO:SE	SE	NT
5454	ISO:SE	SE	NT
100281	ISO:SE	SE	NT
103115	ISO:SE	SE	NT
592	ISO:SE	SE	NT
594	ISO:SE	SE	NT
510	ISO:SE	SE	NT
102907	ISO:SE	SE	NT
597	ISO:SE	SE	NT
598	ISO:SE	SE	NT
602	ISO:SE	SE	NT
607	ISO:SE	SE	NT
3939	ISO:SE	SE	NT
4042	ISO:SE	SE	NT
102110	ISO:SE	SE	NT
100099	ISO:SE	SE	NT
100043	ISO:SE	SE	NT
655	ISO:SE	SE	NT
689	ISO:SE	SE	NT
981	ISO:SE	SE	NT
102648	ISO:SE	SE	NT
688	ISO:SE	SE	NT
1589	ISO:SE	SE	NT
2007	ISO:SE	SE	NT
102116	ISO:SE	SE	NT
1962	ISO:SE	SE	NT
101516	ISO:SE	SE	NT
100242	ISO:SE	SE	NT
101369	ISO:SE	SE	NT
103142	ISO:SE	SE	NT
103159	ISO:SE	SE	NT
103162	ISO:SE	SE	NT
101174	ISO:SE	SE	NT
45	ISO:SE	SE	NT
112	ISO:SE	SE	NT
1969	ISO:SE	SE	NT
163	ISO:SE	SE	NT
170	ISO:SE	SE	NT
3209	ISO:SE	SE	NT
303	ISO:SE	SE	NT
3242	ISO:SE	SE	NT
372	ISO:SE	SE	NT
3528	ISO:SE	SE	NT
381	ISO:SE	SE	NT
409	ISO:SE	SE	NT
3286	ISO:SE	SE	NT
373	ISO:SE	SE	NT
3382	ISO:SE	SE	NT
422	ISO:SE	SE	NT
427	ISO:SE	SE	NT
441	ISO:SE	SE	NT
454	ISO:SE	SE	NT
459	ISO:SE	SE	NT
3694	ISO:SE	SE	NT
3707	ISO:SE	SE	NT
102098	ISO:SE	SE	NT
102979	ISO:SE	SE	NT
788	ISO:SE	SE	NT
4361	ISO:SE	SE	NT
4362	ISO:SE	SE	NT
4368	ISO:SE	SE	NT
792	ISO:SE	SE	NT
100988	ISO:SE	SE	NT
704	ISO:SE	SE	NT
1973	ISO:SE	SE	NT
751	ISO:SE	SE	NT
4247	ISO:SE	SE	NT
393	ISO:SE	SE	NT
394	ISO:SE	SE	NT
766	ISO:SE	SE	NT
1225	ISO:SE	SE	NT
1542	ISO:SE	SE	NT
1757	ISO:SE	SE	NT
1143	ISO:SE	SE	NT
2014	ISO:SE	SE	NT
102051	ISO:SE	SE	NT
101191	ISO:SE	SE	NT
101930	ISO:SE	SE	NT
100507	ISO:SE	SE	NT
101882	ISO:SE	SE	NT
793	ISO:SE	SE	NT
796	ISO:SE	SE	NT
797	ISO:SE	SE	NT
805	ISO:SE	SE	NT
809	ISO:SE	SE	NT
2016	ISO:SE	SE	NT
4380	ISO:SE	SE	NT
4395	ISO:SE	SE	NT
4396	ISO:SE	SE	NT
100089	ISO:SE	SE	NT
825	ISO:SE	SE	NT
826	ISO:SE	SE	NT
830	ISO:SE	SE	NT
4412	ISO:SE	SE	NT
844	ISO:SE	SE	NT
100282	ISO:SE	SE	NT
102666	ISO:SE	SE	NT
102671	ISO:SE	SE	NT
103266	ISO:SE	SE	NT
102701	ISO:SE	SE	NT
103268	ISO:SE	SE	NT
100452	ISO:SE	SE	NT
100660	ISO:SE	SE	NT
101160	ISO:SE	SE	NT
100514	ISO:SE	SE	NT
100894	ISO:SE	SE	NT
101800	ISO:SE	SE	NT
4919	ISO:SE	SE	NT
1277	ISO:SE	SE	NT
2036	ISO:SE	SE	NT
1466	ISO:SE	SE	NT
972	ISO:SE	SE	NT
1601	ISO:SE	SE	NT
936	ISO:SE	SE	NT
901	ISO:SE	SE	NT
5445	ISO:SE	SE	NT
1177	ISO:SE	SE	NT
1266	ISO:SE	SE	NT
1267	ISO:SE	SE	NT
907	ISO:SE	SE	NT
2028	ISO:SE	SE	NT
2029	ISO:SE	SE	NT
4785	ISO:SE	SE	NT
2056	ISO:SE	SE	NT
5945	ISO:SE	SE	NT
2075	ISO:SE	SE	NT
102360	ISO:SE	SE	NT
103174	ISO:SE	SE	NT
102660	ISO:SE	SE	NT
103204	ISO:SE	SE	NT
103212	ISO:SE	SE	NT
101403	ISO:SE	SE	NT
102675	ISO:SE	SE	NT
102685	ISO:SE	SE	NT
102702	ISO:SE	SE	NT
102412	ISO:SE	SE	NT
100807	ISO:SE	SE	NT
102415	ISO:SE	SE	NT
103269	ISO:SE	SE	NT
102679	ISO:SE	SE	NT
415	ISO:SE	SE	NT
2025	ISO:SE	SE	NT
1676	ISO:SE	SE	NT
6409	ISO:SE	SE	NT
101404	ISO:SE	SE	NT
100675	ISO:SE	SE	NT
102897	ISO:SE	SE	NT
861	ISO:SE	SE	NT
721	ISO:SE	SE	NT
713	ISO:SE	SE	NT
4213	ISO:SE	SE	NT
102506	ISO:SE	SE	NT
102480	ISO:SE	SE	NT
102901	ISO:SE	SE	NT
102059	ISO:SE	SE	NT
101736	ISO:SE	SE	NT
101427	ISO:SE	SE	NT
1895	ISO:SE	SE	NT
1904	ISO:SE	SE	NT
100300	ISO:SE	SE	NT
100376	ISO:SE	SE	NT
100378	ISO:SE	SE	NT
102643	ISO:SE	SE	NT
102993	ISO:SE	SE	NT
102995	ISO:SE	SE	NT
910	ISO:SE	SE	NT
1426	ISO:SE	SE	NT
937	ISO:SE	SE	NT
1301	ISO:SE	SE	NT
5480	ISO:SE	SE	NT
5347	ISO:SE	SE	NT
5346	ISO:SE	SE	NT
5345	ISO:SE	SE	NT
2037	ISO:SE	SE	NT
1265	ISO:SE	SE	NT
2079	ISO:SE	SE	NT
5467	ISO:SE	SE	NT
5457	ISO:SE	SE	NT
1213	ISO:SE	SE	NT
1211	ISO:SE	SE	NT
1102	ISO:SE	SE	NT
4456	ISO:SE	SE	NT
185	ISO:SE	SE	NT
314	ISO:SE	SE	NT
6487	ISO:SE	SE	NT
1151	ISO:SE	SE	NT
1153	ISO:SE	SE	NT
283	ISO:SE	SE	NT
864	ISO:SE	SE	NT
1108	ISO:SE	SE	NT
1205	ISO:SE	SE	NT
1227	ISO:SE	SE	NT
1276	ISO:SE	SE	NT
1190	ISO:SE	SE	NT
1616	ISO:SE	SE	NT
1339	ISO:SE	SE	NT
5432	ISO:SE	SE	NT
1204	ISO:SE	SE	NT
5448	ISO:SE	SE	NT
1312	ISO:SE	SE	NT
102983	ISO:SE	SE	NT
744	ISO:SE	SE	NT
164	ISO:SE	SE	NT
100132	ISO:SE	SE	NT
100001	ISO:SE	SE	NT
1474	ISO:SE	SE	NT
101867	ISO:SE	SE	NT
101827	ISO:SE	SE	NT
900	ISO:SE	SE	NT
889	ISO:SE	SE	NT
1586	ISO:SE	SE	NT
5966	ISO:SE	SE	NT
2059	ISO:SE	SE	NT
100097	ISO:SE	SE	NT
4749	ISO:SE	SE	NT
2026	ISO:SE	SE	NT
1007	ISO:SE	SE	NT
1302	ISO:SE	SE	NT
1510	ISO:SE	SE	NT
1328	ISO:SE	SE	NT
3194	ISO:SE	SE	NT
2064	ISO:SE	SE	NT
2066	ISO:SE	SE	NT
2054	ISO:SE	SE	NT
5977	ISO:SE	SE	NT
3639	ISO:SE	SE	NT
4900	ISO:SE	SE	NT
4946	ISO:SE	SE	NT
4859	ISO:SE	SE	NT
4929	ISO:SE	SE	NT
5994	ISO:SE	SE	NT
5842	ISO:SE	SE	NT
2057	ISO:SE	SE	NT
1941	ISO:SE	SE	NT
102977	ISO:SE	SE	NT
1060	ISO:SE	SE	NT
1583	ISO:SE	SE	NT
851	ISO:SE	SE	NT
6325	ISO:SE	SE	NT
6324	ISO:SE	SE	NT
1588	ISO:SE	SE	NT
1612	ISO:SE	SE	NT
1670	ISO:SE	SE	NT
1101	ISO:SE	SE	NT
4877	ISO:SE	SE	NT
100101	ISO:SE	SE	NT
2081	ISO:SE	SE	NT
6458	ISO:SE	SE	NT
1278	ISO:SE	SE	NT
1825	ISO:SE	SE	NT
1766	ISO:SE	SE	NT
6425	ISO:SE	SE	NT
96	ISO:SE	SE	NT
101	ISO:SE	SE	NT
132	ISO:SE	SE	NT
137	ISO:SE	SE	NT
6437	ISO:SE	SE	NT
226	ISO:SE	SE	NT
277	ISO:SE	SE	NT
308	ISO:SE	SE	NT
309	ISO:SE	SE	NT
310	ISO:SE	SE	NT
6440	ISO:SE	SE	NT
336	ISO:SE	SE	NT
352	ISO:SE	SE	NT
353	ISO:SE	SE	NT
356	ISO:SE	SE	NT
374	ISO:SE	SE	NT
1797	ISO:SE	SE	NT
388	ISO:SE	SE	NT
389	ISO:SE	SE	NT
2080	ISO:SE	SE	NT
392	ISO:SE	SE	NT
502	ISO:SE	SE	NT
967	ISO:SE	SE	NT
735	ISO:SE	SE	NT
736	ISO:SE	SE	NT
924	ISO:SE	SE	NT
955	ISO:SE	SE	NT
1029	ISO:SE	SE	NT
1118	ISO:SE	SE	NT
1182	ISO:SE	SE	NT
1822	ISO:SE	SE	NT
1342	ISO:SE	SE	NT
1348	ISO:SE	SE	NT
1352	ISO:SE	SE	NT
1460	ISO:SE	SE	NT
1410	ISO:SE	SE	NT
1414	ISO:SE	SE	NT
1467	ISO:SE	SE	NT
1558	ISO:SE	SE	NT
1561	ISO:SE	SE	NT
1836	ISO:SE	SE	NT
1049	ISO:SE	SE	NT
2076	ISO:SE	SE	NT
692	ISO:SE	SE	NT
269	ISO:SE	SE	NT
1560	ISO:SE	SE	NT
167	ISO:SE	SE	NT
1411	ISO:SE	SE	NT
1418	ISO:SE	SE	NT
1930	ISO:SE	SE	NT
1416	ISO:SE	SE	NT
1415	ISO:SE	SE	NT
1413	ISO:SE	SE	NT
509	ISO:SE	SE	NT
383	ISO:SE	SE	NT
1242	ISO:SE	SE	NT
1864	ISO:SE	SE	NT
31	ISO:SE	SE	NT
1901	ISO:SE	SE	NT
101740	ISO:SE	SE	NT
1943	ISO:SE	SE	NT
1860	ISO:SE	SE	NT
1913	ISO:SE	SE	NT
1854	ISO:SE	SE	NT
1855	ISO:SE	SE	NT
1861	ISO:SE	SE	NT
1865	ISO:SE	SE	NT
1891	ISO:SE	SE	NT
1909	ISO:SE	SE	NT
20	ISO:SE	SE	NT
6453	ISO:SE	SE	NT
49	ISO:SE	SE	NT
24	ISO:SE	SE	NT
1848	ISO:SE	SE	NT
1849	ISO:SE	SE	NT
1400	ISO:SE	SE	NT
693	ISO:SE	SE	NT
999	ISO:SE	SE	NT
1112	ISO:SE	SE	NT
384	ISO:SE	SE	NT
217809	ISO:SE	SE	NT
562	ISO:SE	SE	NT
1876	ISO:SE	SE	NT
1877	ISO:SE	SE	NT
214638	ISO:SE	SE	NT
214641	ISO:SE	SE	NT
215706	ISO:SE	SE	NT
214254	ISO:SE	SE	NT
215467	ISO:SE	SE	NT
1000	ISO:SE	SE	NT
219153	ISO:SE	SE	NT
225948	ISO:SE	SE	NT
706	ISO:SE	SE	NT
1665	ISO:SE	SE	NT
1666	ISO:SE	SE	NT
1887	ISO:SE	SE	NT
919	ISO:SE	SE	NT
1896	ISO:SE	SE	NT
319	ISO:SE	SE	NT
712	ISO:SE	SE	NT
1477	ISO:SE	SE	NT
1478	ISO:SE	SE	NT
1875	ISO:SE	SE	NT
514	ISO:SE	SE	NT
742	ISO:SE	SE	NT
1905	ISO:SE	SE	NT
262	ISO:SE	SE	NT
1447	ISO:SE	SE	NT
264	ISO:SE	SE	NT
266	ISO:SE	SE	NT
271	ISO:SE	SE	NT
1464	ISO:SE	SE	NT
1256	ISO:SE	SE	NT
1851	ISO:SE	SE	NT
1471	ISO:SE	SE	NT
1936	ISO:SE	SE	NT
1858	ISO:SE	SE	NT
1868	ISO:SE	SE	NT
1430	ISO:SE	SE	NT
1431	ISO:SE	SE	NT
1064	ISO:SE	SE	NT
8	ISO:SE	SE	NT
408	ISO:SE	SE	NT
9	ISO:SE	SE	NT
1012	ISO:SE	SE	NT
1294	ISO:SE	SE	NT
673	ISO:SE	SE	NT
674	ISO:SE	SE	NT
1897	ISO:SE	SE	NT
245	ISO:SE	SE	NT
109	ISO:SE	SE	NT
1892	ISO:SE	SE	NT
1331	ISO:SE	SE	NT
102103	ISO:SE	SE	NT
102756	ISO:SE	SE	NT
215357	ISO:SE	SE	NT
215112	ISO:SE	SE	NT
215153	ISO:SE	SE	NT
105223	ISO:SE	SE	NT
105199	ISO:SE	SE	NT
211194	ISO:SE	SE	NT
105130	ISO:SE	SE	NT
105133	ISO:SE	SE	NT
105247	ISO:SE	SE	NT
105303	ISO:SE	SE	NT
105306	ISO:SE	SE	NT
105366	ISO:SE	SE	NT
105389	ISO:SE	SE	NT
233260	ISO:SE	SE	NT
105456	ISO:SE	SE	NT
105502	ISO:SE	SE	NT
105511	ISO:SE	SE	NT
105527	ISO:SE	SE	NT
105728	ISO:SE	SE	NT
105731	ISO:SE	SE	NT
105733	ISO:SE	SE	NT
105815	ISO:SE	SE	NT
105845	ISO:SE	SE	NT
105853	ISO:SE	SE	NT
105894	ISO:SE	SE	NT
105973	ISO:SE	SE	NT
105990	ISO:SE	SE	NT
106005	ISO:SE	SE	NT
106018	ISO:SE	SE	NT
106076	ISO:SE	SE	NT
106077	ISO:SE	SE	NT
106088	ISO:SE	SE	NT
106141	ISO:SE	SE	NT
106142	ISO:SE	SE	NT
106145	ISO:SE	SE	NT
106147	ISO:SE	SE	NT
106237	ISO:SE	SE	NT
106227	ISO:SE	SE	NT
106198	ISO:SE	SE	NT
106567	ISO:SE	SE	NT
106366	ISO:SE	SE	NT
106255	ISO:SE	SE	NT
106424	ISO:SE	SE	NT
106426	ISO:SE	SE	NT
213487	ISO:SE	SE	NT
106461	ISO:SE	SE	NT
106512	ISO:SE	SE	NT
106339	ISO:SE	SE	NT
106663	ISO:SE	SE	NT
217775	ISO:SE	SE	NT
200662	ISO:SE	SE	NT
200715	ISO:SE	SE	NT
200717	ISO:SE	SE	NT
234641	ISO:SE	SE	NT
234642	ISO:SE	SE	NT
232182	ISO:SE	SE	NT
232170	ISO:SE	SE	NT
232162	ISO:SE	SE	NT
217685	ISO:SE	SE	NT
217724	ISO:SE	SE	NT
217922	ISO:SE	SE	NT
218100	ISO:SE	SE	NT
217855	ISO:SE	SE	NT
227470	ISO:SE	SE	NT
218604	ISO:SE	SE	NT
218609	ISO:SE	SE	NT
218821	ISO:SE	SE	NT
219102	ISO:SE	SE	NT
219113	ISO:SE	SE	NT
219155	ISO:SE	SE	NT
219207	ISO:SE	SE	NT
219211	ISO:SE	SE	NT
233130	ISO:SE	SE	NT
218704	ISO:SE	SE	NT
218742	ISO:SE	SE	NT
218901	ISO:SE	SE	NT
219125	ISO:SE	SE	NT
216047	ISO:SE	SE	NT
217819	ISO:SE	SE	NT
234596	ISO:SE	SE	NT
234600	ISO:SE	SE	NT
234611	ISO:SE	SE	NT
234826	ISO:SE	SE	NT
234873	ISO:SE	SE	NT
206390	ISO:SE	SE	NT
217190	ISO:SE	SE	NT
233266	ISO:SE	SE	NT
201145	ISO:SE	SE	NT
201122	ISO:SE	SE	NT
233136	ISO:SE	SE	NT
233256	ISO:SE	SE	NT
232909	ISO:SE	SE	NT
233192	ISO:SE	SE	NT
203889	ISO:SE	SE	NT
201097	ISO:SE	SE	NT
233247	ISO:SE	SE	NT
106770	ISO:SE	SE	NT
216123	ISO:SE	SE	NT
216016	ISO:SE	SE	NT
216027	ISO:SE	SE	NT
216129	ISO:SE	SE	NT
234445	ISO:SE	SE	NT
234318	ISO:SE	SE	NT
216281	ISO:SE	SE	NT
216287	ISO:SE	SE	NT
216165	ISO:SE	SE	NT
216164	ISO:SE	SE	NT
232535	ISO:SE	SE	NT
232539	ISO:SE	SE	NT
232623	ISO:SE	SE	NT
232917	ISO:SE	SE	NT
234987	ISO:SE	SE	NT
232749	ISO:SE	SE	NT
232211	ISO:SE	SE	NT
214416	ISO:SE	SE	NT
214314	ISO:SE	SE	NT
214321	ISO:SE	SE	NT
214339	ISO:SE	SE	NT
214561	ISO:SE	SE	NT
214474	ISO:SE	SE	NT
214492	ISO:SE	SE	NT
214498	ISO:SE	SE	NT
214511	ISO:SE	SE	NT
214523	ISO:SE	SE	NT
214528	ISO:SE	SE	NT
214547	ISO:SE	SE	NT
214550	ISO:SE	SE	NT
214599	ISO:SE	SE	NT
214619	ISO:SE	SE	NT
214647	ISO:SE	SE	NT
214730	ISO:SE	SE	NT
214735	ISO:SE	SE	NT
214745	ISO:SE	SE	NT
214752	ISO:SE	SE	NT
214757	ISO:SE	SE	NT
214860	ISO:SE	SE	NT
214915	ISO:SE	SE	NT
214984	ISO:SE	SE	NT
215092	ISO:SE	SE	NT
215093	ISO:SE	SE	NT
215094	ISO:SE	SE	NT
215130	ISO:SE	SE	NT
215168	ISO:SE	SE	NT
215182	ISO:SE	SE	NT
215210	ISO:SE	SE	NT
215234	ISO:SE	SE	NT
214801	ISO:SE	SE	NT
214809	ISO:SE	SE	NT
215256	ISO:SE	SE	NT
215271	ISO:SE	SE	NT
215383	ISO:SE	SE	NT
215396	ISO:SE	SE	NT
215472	ISO:SE	SE	NT
215482	ISO:SE	SE	NT
215537	ISO:SE	SE	NT
215597	ISO:SE	SE	NT
215655	ISO:SE	SE	NT
215656	ISO:SE	SE	NT
215683	ISO:SE	SE	NT
215701	ISO:SE	SE	NT
215755	ISO:SE	SE	NT
215766	ISO:SE	SE	NT
215767	ISO:SE	SE	NT
215768	ISO:SE	SE	NT
215785	ISO:SE	SE	NT
215811	ISO:SE	SE	NT
215852	ISO:SE	SE	NT
201164	ISO:SE	SE	NT
215920	ISO:SE	SE	NT
216044	ISO:SE	SE	NT
216247	ISO:SE	SE	NT
214273	ISO:SE	SE	NT
214277	ISO:SE	SE	NT
213792	ISO:SE	SE	NT
213797	ISO:SE	SE	NT
213853	ISO:SE	SE	NT
213860	ISO:SE	SE	NT
213873	ISO:SE	SE	NT
213895	ISO:SE	SE	NT
213900	ISO:SE	SE	NT
214025	ISO:SE	SE	NT
214027	ISO:SE	SE	NT
214030	ISO:SE	SE	NT
214016	ISO:SE	SE	NT
214136	ISO:SE	SE	NT
222322	ISO:SE	SE	NT
224416	ISO:SE	SE	NT
221137	ISO:SE	SE	NT
221849	ISO:SE	SE	NT
220079	ISO:SE	SE	NT
220103	ISO:SE	SE	NT
220228	ISO:SE	SE	NT
225475	ISO:SE	SE	NT
200841	ISO:SE	SE	NT
200923	ISO:SE	SE	NT
205660	ISO:SE	SE	NT
234349	ISO:SE	SE	NT
221735	ISO:SE	SE	NT
220818	ISO:SE	SE	NT
222223	ISO:SE	SE	NT
200925	ISO:SE	SE	NT
234378	ISO:SE	SE	NT
232218	ISO:SE	SE	NT
205306	ISO:SE	SE	NT
223335	ISO:SE	SE	NT
201257	ISO:SE	SE	NT
215108	ISO:SE	SE	NT
215095	ISO:SE	SE	NT
216255	ISO:SE	SE	NT
214662	ISO:SE	SE	NT
215481	ISO:SE	SE	NT
214433	ISO:SE	SE	NT
216161	ISO:SE	SE	NT
216100	ISO:SE	SE	NT
214772	ISO:SE	SE	NT
214019	ISO:SE	SE	NT
214859	ISO:SE	SE	NT
223619	ISO:SE	SE	NT
215300	ISO:SE	SE	NT
215698	ISO:SE	SE	NT
215556	ISO:SE	SE	NT
215720	ISO:SE	SE	NT
215804	ISO:SE	SE	NT
216162	ISO:SE	SE	NT
201169	ISO:SE	SE	NT
222541	ISO:SE	SE	NT
223253	ISO:SE	SE	NT
221343	ISO:SE	SE	NT
213836	ISO:SE	SE	NT
213814	ISO:SE	SE	NT
215886	ISO:SE	SE	NT
216038	ISO:SE	SE	NT
215320	ISO:SE	SE	NT
215321	ISO:SE	SE	NT
214558	ISO:SE	SE	NT
215823	ISO:SE	SE	NT
216248	ISO:SE	SE	NT
216252	ISO:SE	SE	NT
215930	ISO:SE	SE	NT
216169	ISO:SE	SE	NT
219606	ISO:SE	SE	NT
224063	ISO:SE	SE	NT
222815	ISO:SE	SE	NT
222914	ISO:SE	SE	NT
235068	ISO:SE	SE	NT
232882	ISO:SE	SE	NT
232881	ISO:SE	SE	NT
206119	ISO:SE	SE	NT
206176	ISO:SE	SE	NT
206178	ISO:SE	SE	NT
206252	ISO:SE	SE	NT
206113	ISO:SE	SE	NT
224906	ISO:SE	SE	NT
228579	ISO:SE	SE	NT
228885	ISO:SE	SE	NT
229504	ISO:SE	SE	NT
228912	ISO:SE	SE	NT
229436	ISO:SE	SE	NT
229487	ISO:SE	SE	NT
223168	ISO:SE	SE	NT
225033	ISO:SE	SE	NT
229821	ISO:SE	SE	NT
222112	ISO:SE	SE	NT
235035	ISO:SE	SE	NT
222571	ISO:SE	SE	NT
231706	ISO:SE	SE	NT
231712	ISO:SE	SE	NT
231815	ISO:SE	SE	NT
231856	ISO:SE	SE	NT
232073	ISO:SE	SE	NT
231211	ISO:SE	SE	NT
231235	ISO:SE	SE	NT
231251	ISO:SE	SE	NT
231294	ISO:SE	SE	NT
231295	ISO:SE	SE	NT
231325	ISO:SE	SE	NT
231328	ISO:SE	SE	NT
231337	ISO:SE	SE	NT
231341	ISO:SE	SE	NT
231360	ISO:SE	SE	NT
231361	ISO:SE	SE	NT
231388	ISO:SE	SE	NT
231396	ISO:SE	SE	NT
231444	ISO:SE	SE	NT
231458	ISO:SE	SE	NT
231459	ISO:SE	SE	NT
231207	ISO:SE	SE	NT
231285	ISO:SE	SE	NT
231401	ISO:SE	SE	NT
231495	ISO:SE	SE	NT
231602	ISO:SE	SE	NT
231703	ISO:SE	SE	NT
231809	ISO:SE	SE	NT
232004	ISO:SE	SE	NT
223932	ISO:SE	SE	NT
223985	ISO:SE	SE	NT
224078	ISO:SE	SE	NT
220320	ISO:SE	SE	NT
220787	ISO:SE	SE	NT
222315	ISO:SE	SE	NT
222237	ISO:SE	SE	NT
222738	ISO:SE	SE	NT
223989	ISO:SE	SE	NT
231011	ISO:SE	SE	NT
222784	ISO:SE	SE	NT
224938	ISO:SE	SE	NT
222840	ISO:SE	SE	NT
222954	ISO:SE	SE	NT
221333	ISO:SE	SE	NT
223825	ISO:SE	SE	NT
222005	ISO:SE	SE	NT
224409	ISO:SE	SE	NT
221978	ISO:SE	SE	NT
221424	ISO:SE	SE	NT
223438	ISO:SE	SE	NT
221647	ISO:SE	SE	NT
220808	ISO:SE	SE	NT
222776	ISO:SE	SE	NT
232143	ISO:SE	SE	NT
232145	ISO:SE	SE	NT
249138	ISO:SE	SE	NT
249011	ISO:SE	SE	NT
236315	ISO:SE	SE	NT
239432	ISO:SE	SE	NT
239456	ISO:SE	SE	NT
236298	ISO:SE	SE	NT
250143	ISO:SE	SE	NT
249413	ISO:SE	SE	NT
239919	ISO:SE	SE	NT
250187	ISO:SE	SE	NT
240066	ISO:SE	SE	NT
240074	ISO:SE	SE	NT
240274	ISO:SE	SE	NT
240275	ISO:SE	SE	NT
240423	ISO:SE	SE	NT
243949	ISO:SE	SE	NT
243961	ISO:SE	SE	NT
248544	ISO:SE	SE	NT
248485	ISO:SE	SE	NT
248537	ISO:SE	SE	NT
249148	ISO:SE	SE	NT
248953	ISO:SE	SE	NT
249254	ISO:SE	SE	NT
256841	ISO:SE	SE	NT
256756	ISO:SE	SE	NT
236243	ISO:SE	SE	NT
236247	ISO:SE	SE	NT
241746	ISO:SE	SE	NT
6003295	ISO:SE	SE	NT
248955	ISO:SE	SE	NT
249278	ISO:SE	SE	NT
239233	ISO:SE	SE	NT
243959	ISO:SE	SE	NT
244060	ISO:SE	SE	NT
236260	ISO:SE	SE	NT
248784	ISO:SE	SE	NT
236262	ISO:SE	SE	NT
240089	ISO:SE	SE	NT
240100	ISO:SE	SE	NT
240149	ISO:SE	SE	NT
240200	ISO:SE	SE	NT
240205	ISO:SE	SE	NT
6002970	ISO:SE	SE	NT
257107	ISO:SE	SE	NT
6446	ISO:SE	SE	NT
250435	ISO:SE	SE	NT
264501	ISO:SE	SE	NT
251296	ISO:SE	SE	NT
251309	ISO:SE	SE	NT
251313	ISO:SE	SE	NT
249008	ISO:SE	SE	NT
266115	ISO:SE	SE	NT
266116	ISO:SE	SE	NT
266117	ISO:SE	SE	NT
266118	ISO:SE	SE	NT
266121	ISO:SE	SE	NT
266136	ISO:SE	SE	NT
266137	ISO:SE	SE	NT
250162	ISO:SE	SE	NT
250166	ISO:SE	SE	NT
250163	ISO:SE	SE	NT
1116	ISO:SE	SE	NT
250167	ISO:SE	SE	NT
102638	ISO:SE	SE	NT
102673	ISO:SE	SE	NT
248781	ISO:SE	SE	NT
6003138	ISO:SE	SE	DD
6003137	ISO:SE	SE	DD
6008693	ISO:SE	SE	CR
6008691	ISO:SE	SE	CR
102108	ISO:SE	SE	EN
102708	ISO:SE	SE	VU
202845	ISO:SE	SE	VU
1000938	ISO:SE	SE	VU
6038616	ISO:SE	SE	VU
6003124	ISO:SE	SE	VU
6003125	ISO:SE	SE	VU
6003125	ISO:SE	SE	VU
6037533	ISO:SE	SE	VU
6037532	ISO:SE	SE	VU
6037534	ISO:SE	SE	VU
6037416	ISO:SE	SE	NT
6037417	ISO:SE	SE	NT
6037418	ISO:SE	SE	NT
6037426	ISO:SE	SE	NT
6037428	ISO:SE	SE	NT
1114	ISO:SE	SE	NT
