<archive xmlns="http://rs.tdwg.org/dwc/text/" metadata="eml.xml">
  <core encoding="UTF-8" fieldsTerminatedBy="\t" linesTerminatedBy="\n" fieldsEnclosedBy="" ignoreHeaderLines="1" rowType="http://rs.tdwg.org/dwc/terms/Taxon">
    <files>
      <location>Taxon.csv</location>
    </files>
    <id index="0"/>
    <field index="0" term="http://rs.tdwg.org/dwc/terms/taxonID"/>
    <field index="1" term="http://rs.tdwg.org/dwc/terms/acceptedNameUsageID"/>
    <field index="2" term="http://rs.tdwg.org/dwc/terms/parentNameUsageID"/>
    <field index="3" term="http://rs.tdwg.org/dwc/terms/scientificName"/>
    <field index="4" term="http://rs.tdwg.org/dwc/terms/taxonRank"/>
    <field index="5" term="http://rs.tdwg.org/dwc/terms/scientificNameAuthorship"/>
    <field index="6" term="http://rs.tdwg.org/dwc/terms/taxonomicStatus"/>
    <field index="7" term="http://rs.tdwg.org/dwc/terms/nomenclaturalStatus"/>
    <field index="8" term="http://rs.tdwg.org/dwc/terms/taxonRemarks"/>
  </core>
  <extension encoding="UTF8" fieldsTerminatedBy="\t" linesTerminatedBy="\n" fieldsEnclosedBy="" ignoreHeaderLines="1" rowType="http://rs.gbif.org/terms/1.0/VernacularName">
    <files>
      <location>VernacularName.csv</location>
    </files>
    <coreid index="0"/>
    <field index="1" term="http://rs.tdwg.org/dwc/terms/vernacularName"/>
    <field index="2" term="http://purl.org/dc/terms/language"/>
    <field index="3" term="http://rs.tdwg.org/dwc/terms/countryCode"/>
    <field index="4" term="http://purl.org/dc/terms/source"/>
    <field index="5" term="http://rs.gbif.org/terms/1.0/isPreferredName"/>
    <field index="6" term="http://rs.tdwg.org/dwc/terms/taxonRemarks"/>
  </extension>
  <extension encoding="UTF8" fieldsTerminatedBy="\t" linesTerminatedBy="\n" fieldsEnclosedBy="" ignoreHeaderLines="1" rowType="http://rs.gbif.org/terms/1.0/Reference">
    <files>
      <location>Reference.csv</location>
    </files>
    <coreid index="0"/>
    <field index="1" term="http://purl.org/dc/terms/title"/>
    <field index="2" term="http://purl.org/dc/terms/creator"/>
    <field index="3" term="http://purl.org/dc/terms/date"/>
  </extension>
  <extension encoding="UTF8" fieldsTerminatedBy="\t" linesTerminatedBy="\n" fieldsEnclosedBy="" ignoreHeaderLines="1" rowType="http://rs.gbif.org/terms/1.0/Distribution">
    <files>
      <location>Distribution.csv</location>
    </files>
    <coreid index="0"/>
    <field index="1" term="http://rs.tdwg.org/dwc/terms/locationID"/>
    <field index="2" term="http://rs.tdwg.org/dwc/terms/countryCode"/>
    <field index="3" term="http://iucn.org/terms/threatStatus"/>
  </extension>
  <extension encoding="UTF8" fieldsTerminatedBy="\t" linesTerminatedBy="\n" fieldsEnclosedBy="" ignoreHeaderLines="1" rowType="http://rs.gbif.org/terms/1.0/Identifier">
    <files>
      <location>Identifier.csv</location>
    </files>
    <coreid index="0"/>
    <field index="1" term="http://purl.org/dc/terms/identifier"/>
    <field index="2" term="http://purl.org/dc/terms/title"/>
    <field index="3" term="http://purl.org/dc/terms/format"/>
    <field index="4" term="http://rs.tdwg.org/dwc/terms/datasetID"/>
  </extension>
</archive>